{"stats":{"minecraft:mined":{"minecraft:spruce_planks":5,"minecraft:white_bed":22,"minecraft:cherry_log":40,"minecraft:jungle_leaves":159,"minecraft:brewing_stand":4,"minecraft:obsidian":14,"minecraft:spruce_trapdoor":1,"minecraft:granite":13,"minecraft:grass_block":2395,"minecraft:jungle_log":1154,"minecraft:cracked_polished_blackstone_bricks":1,"minecraft:soul_soil":3,"minecraft:purpur_slab":1,"minecraft:composter":2,"minecraft:oxeye_daisy":60,"minecraft:iron_ore":33,"minecraft:cobbled_deepslate":1,"minecraft:fire":12,"minecraft:deepslate_lapis_ore":2,"minecraft:fletching_table":10,"minecraft:azure_bluet":1,"minecraft:enchanting_table":1,"minecraft:pointed_dripstone":6,"minecraft:flowering_azalea_leaves":11,"minecraft:dirt_path":2,"minecraft:iron_bars":1,"minecraft:azalea_leaves":31,"minecraft:spruce_slab":56,"minecraft:bamboo_slab":1,"minecraft:deepslate_redstone_ore":18,"minecraft:brown_mushroom":9,"minecraft:kelp_plant":1,"minecraft:soul_fire":16,"minecraft:orange_terracotta":2,"minecraft:torch":48,"minecraft:jungle_stairs":7,"minecraft:blast_furnace":3,"minecraft:poppy":3,"minecraft:chest":2,"minecraft:mushroom_stem":70,"minecraft:glass":2,"minecraft:cobblestone":80,"minecraft:oak_planks":3,"minecraft:sugar_cane":941,"minecraft:grindstone":4,"minecraft:wall_torch":20,"minecraft:cherry_slab":3,"minecraft:seagrass":1,"minecraft:bamboo_planks":32,"minecraft:nether_wart_block":1,"minecraft:wheat":42,"minecraft:cherry_door":3,"minecraft:grass":539,"minecraft:oak_log":29,"minecraft:sand":35,"minecraft:dirt":2421,"minecraft:red_mushroom_block":357,"minecraft:netherrack":14,"minecraft:oak_leaves":80,"minecraft:deepslate":148,"minecraft:tuff":3,"minecraft:bamboo_fence_gate":2,"minecraft:dark_oak_leaves":126,"minecraft:deepslate_diamond_ore":16,"minecraft:cherry_sapling":3,"minecraft:dark_oak_log":32,"minecraft:shulker_box":3,"minecraft:end_stone":35,"minecraft:ladder":1,"minecraft:jungle_planks":23,"minecraft:brown_mushroom_block":363,"minecraft:spruce_leaves":29,"minecraft:red_mushroom":7,"minecraft:cartography_table":1,"minecraft:hay_block":101,"minecraft:spruce_sapling":1,"minecraft:carrots":57,"minecraft:jungle_sapling":4,"minecraft:andesite":18,"minecraft:gold_block":1,"minecraft:bookshelf":3,"minecraft:cobblestone_slab":15,"minecraft:deepslate_iron_ore":8,"minecraft:vine":68,"minecraft:rail":25,"minecraft:stripped_jungle_log":1,"minecraft:bamboo_sapling":12,"minecraft:bamboo":1307,"minecraft:stone":378,"minecraft:smithing_table":1,"minecraft:podzol":5,"minecraft:oak_slab":277,"minecraft:scaffolding":20,"minecraft:cherry_planks":71,"minecraft:soul_sand":55,"minecraft:dandelion":39,"minecraft:crafting_table":9,"minecraft:cornflower":4,"minecraft:emerald_ore":1,"minecraft:lectern":439,"minecraft:tall_grass":88,"minecraft:lapis_ore":6,"minecraft:deepslate_gold_ore":32,"minecraft:spruce_log":1169,"minecraft:yellow_bed":22,"minecraft:coal_ore":61,"minecraft:cherry_leaves":439,"minecraft:gravel":4,"minecraft:dripstone_block":17,"minecraft:cobweb":1,"minecraft:fern":1},"minecraft:broken":{"minecraft:shears":1,"minecraft:diamond_shovel":1,"minecraft:stone_axe":3,"minecraft:iron_sword":1,"minecraft:stone_shovel":8,"minecraft:stone_sword":16,"minecraft:stone_hoe":1,"minecraft:iron_pickaxe":1},"minecraft:picked_up":{"minecraft:shulker_shell":7,"minecraft:wheat":4,"minecraft:chainmail_boots":2,"minecraft:smithing_table":1,"minecraft:diamond_sword":3,"minecraft:potion":6,"minecraft:enchanted_book":5,"minecraft:brewing_stand":4,"minecraft:string":22,"minecraft:soul_soil":3,"minecraft:iron_leggings":1,"minecraft:pufferfish":1,"minecraft:diamond_leggings":2,"minecraft:cobbled_deepslate":182,"minecraft:bucket":1,"minecraft:spruce_planks":5,"minecraft:cobblestone_slab":19,"minecraft:iron_boots":11,"minecraft:tipped_arrow":3,"minecraft:stick":252,"minecraft:composter":2,"minecraft:torch":128,"minecraft:bamboo_slab":1,"minecraft:porkchop":39,"minecraft:golden_axe":3,"minecraft:cherry_log":40,"minecraft:pointed_dripstone":12,"minecraft:rotten_flesh":87,"minecraft:blaze_rod":63,"minecraft:obsidian":14,"minecraft:iron_bars":2,"minecraft:cobblestone":475,"minecraft:enchanting_table":1,"minecraft:cooked_beef":2,"minecraft:feather":1,"minecraft:warped_fungus_on_a_stick":1,"minecraft:magma_cream":3,"minecraft:cherry_planks":72,"minecraft:cherry_leaves":413,"minecraft:andesite":24,"minecraft:jungle_log":1142,"minecraft:tuff":3,"minecraft:cherry_door":3,"minecraft:lapis_lazuli":97,"minecraft:dirt":4874,"minecraft:bone":41,"minecraft:bow":1,"minecraft:wheat_seeds":163,"minecraft:raw_gold":32,"minecraft:mossy_stone_bricks":1,"minecraft:grindstone":4,"minecraft:fletching_table":10,"minecraft:diamond_helmet":1,"minecraft:glowstone_dust":5,"minecraft:bamboo":15992,"minecraft:stone_hoe":3,"minecraft:oak_planks":3,"minecraft:sand":35,"minecraft:bamboo_raft":11,"minecraft:jungle_planks":85,"minecraft:grass_block":2,"minecraft:dark_oak_log":32,"minecraft:shulker_box":3,"minecraft:sugar":5,"minecraft:diamond":17,"minecraft:spruce_boat":2,"minecraft:cracked_polished_blackstone_bricks":1,"minecraft:crossbow":9,"minecraft:granite":13,"minecraft:bone_meal":16,"minecraft:golden_apple":10,"minecraft:emerald":102,"minecraft:chainmail_helmet":2,"minecraft:bread":10,"minecraft:oak_sapling":2,"minecraft:cherry_slab":3,"minecraft:netherrack":23,"minecraft:diamond_pickaxe":1,"minecraft:cocoa_beans":10,"minecraft:crafting_table":9,"minecraft:azure_bluet":6,"minecraft:splash_potion":2,"minecraft:chicken":1,"minecraft:ladder":17,"minecraft:brown_mushroom":156,"minecraft:wooden_pickaxe":1,"minecraft:gold_block":1,"minecraft:cornflower":9,"minecraft:elytra":1,"minecraft:iron_axe":4,"minecraft:item_frame":1,"minecraft:cartography_table":1,"minecraft:beef":146,"minecraft:oak_boat":1,"minecraft:jungle_sapling":79,"minecraft:poppy":8,"minecraft:spruce_slab":109,"minecraft:minecart":14,"minecraft:lectern":440,"minecraft:sugar_cane":1461,"minecraft:chest":2,"minecraft:spruce_trapdoor":1,"minecraft:phantom_membrane":3,"minecraft:egg":14,"minecraft:dark_oak_sapling":8,"minecraft:raw_iron":41,"minecraft:end_stone":39,"minecraft:bowl":2,"minecraft:bamboo_fence_gate":2,"minecraft:carrot":59,"minecraft:redstone":82,"minecraft:arrow":37,"minecraft:stone_shovel":2,"minecraft:jungle_stairs":6,"minecraft:purpur_slab":1,"minecraft:hay_block":101,"minecraft:saddle":4,"minecraft:totem_of_undying":5,"minecraft:mutton":30,"minecraft:rail":25,"minecraft:white_wool":14,"minecraft:oxeye_daisy":139,"minecraft:jungle_boat":4,"minecraft:leather":94,"minecraft:red_mushroom":163,"minecraft:oak_log":29,"minecraft:chainmail_chestplate":3,"minecraft:yellow_bed":21,"minecraft:golden_boots":1,"minecraft:nether_wart_block":1,"minecraft:gunpowder":36,"minecraft:wooden_hoe":1,"minecraft:paper":206,"minecraft:white_banner":8,"minecraft:orange_terracotta":2,"minecraft:apple":2,"minecraft:kelp":7,"minecraft:iron_ingot":32,"minecraft:soul_sand":53,"minecraft:book":89,"minecraft:scaffolding":43,"minecraft:oak_slab":279,"minecraft:bamboo_planks":33,"minecraft:dandelion":80,"minecraft:dripstone_block":17,"minecraft:gravel":4,"minecraft:spruce_sapling":136,"minecraft:blast_furnace":3,"minecraft:white_bed":30,"minecraft:spruce_log":1164,"minecraft:spider_eye":24,"minecraft:stripped_jungle_log":1,"minecraft:stone_axe":2,"minecraft:chainmail_leggings":1,"minecraft:diamond_axe":1,"minecraft:cherry_sapling":42,"minecraft:coal":85,"minecraft:ender_pearl":9},"minecraft:used":{"minecraft:cherry_sapling":3,"minecraft:spruce_slab":63,"minecraft:bamboo_sign":4,"minecraft:ladder":37,"minecraft:diamond_hoe":7,"minecraft:chest":7,"minecraft:shield":39,"minecraft:iron_sword":128,"minecraft:rotten_flesh":2,"minecraft:jungle_planks":130,"minecraft:carrot":56,"minecraft:spruce_boat":2,"minecraft:jungle_sapling":64,"minecraft:glass":4,"minecraft:lava_bucket":21,"minecraft:cherry_leaves":356,"minecraft:bow":416,"minecraft:scaffolding":39,"minecraft:furnace":3,"minecraft:egg":5,"minecraft:mossy_stone_bricks":1,"minecraft:diamond_boots":1,"minecraft:warped_fungus_on_a_stick":20,"minecraft:stone_pickaxe":30,"minecraft:oak_planks":1,"minecraft:ender_pearl":7,"minecraft:wooden_pickaxe":30,"minecraft:composter":2,"minecraft:sugar_cane":423,"minecraft:diamond_axe":3822,"minecraft:jungle_boat":6,"minecraft:white_wool":2,"minecraft:golden_apple":9,"minecraft:blast_furnace":3,"minecraft:crossbow":1,"minecraft:dripstone_block":6,"minecraft:end_stone":18,"minecraft:pumpkin_seeds":4,"minecraft:shears":417,"minecraft:bread":75,"minecraft:lectern":447,"minecraft:nether_wart_block":1,"minecraft:diamond_sword":743,"minecraft:grindstone":7,"minecraft:smithing_table":1,"minecraft:andesite":7,"minecraft:oak_boat":1,"minecraft:bone_meal":205,"minecraft:experience_bottle":82,"minecraft:stone_sword":1143,"minecraft:enchanting_table":2,"minecraft:stone_shovel":1191,"minecraft:spruce_planks":5,"minecraft:stone_hoe":138,"minecraft:netherrack":13,"minecraft:torch":370,"minecraft:brewing_stand":5,"minecraft:dirt":1239,"minecraft:anvil":1,"minecraft:hopper":4,"minecraft:shulker_box":3,"minecraft:bamboo_raft":9,"minecraft:bookshelf":19,"minecraft:cherry_slab":30,"minecraft:jungle_log":10,"minecraft:iron_boots":1,"minecraft:totem_of_undying":1,"minecraft:cherry_fence_gate":4,"minecraft:bamboo":1253,"minecraft:minecart":16,"minecraft:pointed_dripstone":8,"minecraft:cherry_log":2,"minecraft:bamboo_planks":110,"minecraft:cooked_beef":49,"minecraft:orange_terracotta":2,"minecraft:cobbled_deepslate":1,"minecraft:iron_leggings":1,"minecraft:water_bucket":253,"minecraft:glass_bottle":12,"minecraft:cartography_table":1,"minecraft:brown_mushroom":11,"minecraft:cherry_planks":121,"minecraft:cauldron":4,"minecraft:fletching_table":13,"minecraft:cobblestone_slab":14,"minecraft:rail":40,"minecraft:crafting_table":14,"minecraft:oak_slab":350,"minecraft:red_mushroom":9,"minecraft:white_bed":33,"minecraft:campfire":4,"minecraft:spruce_log":9,"minecraft:bamboo_fence_gate":2,"minecraft:smoker":1,"minecraft:oak_log":1,"minecraft:diamond_pickaxe":680,"minecraft:oxeye_daisy":2,"minecraft:diamond_shovel":3541,"minecraft:cherry_door":3,"minecraft:iron_pickaxe":305,"minecraft:suspicious_stew":58,"minecraft:jungle_stairs":99,"minecraft:purpur_slab":1,"minecraft:spruce_trapdoor":2,"minecraft:bamboo_slab":47,"minecraft:spruce_sapling":61,"minecraft:stone_axe":493,"minecraft:potion":3,"minecraft:cobblestone":202,"minecraft:bucket":276,"minecraft:yellow_bed":21,"minecraft:dandelion":1,"minecraft:splash_potion":20},"minecraft:crafted":{"minecraft:grindstone":3,"minecraft:oak_planks":104,"minecraft:cherry_slab":36,"minecraft:blaze_powder":8,"minecraft:stone":12,"minecraft:diamond_shovel":2,"minecraft:bookshelf":26,"minecraft:shulker_box":1,"minecraft:suspicious_stew":61,"minecraft:bamboo_block":458,"minecraft:glass":11,"minecraft:hopper":4,"minecraft:bow":8,"minecraft:iron_boots":11,"minecraft:chest":10,"minecraft:jungle_stairs":96,"minecraft:rail":16,"minecraft:stone_hoe":1,"minecraft:ender_eye":6,"minecraft:smoker":1,"minecraft:glass_bottle":12,"minecraft:oak_slab":162,"minecraft:arrow":64,"minecraft:emerald":1111,"minecraft:diamond_axe":2,"minecraft:crafting_table":5,"minecraft:spruce_planks":4516,"minecraft:jungle_boat":1,"minecraft:wooden_pickaxe":2,"minecraft:iron_helmet":1,"minecraft:fletching_table":3,"minecraft:campfire":4,"minecraft:spruce_trapdoor":2,"minecraft:bamboo_planks":862,"minecraft:lectern":7,"minecraft:iron_chestplate":1,"minecraft:book":67,"minecraft:diamond_pickaxe":1,"minecraft:paper":261,"minecraft:charcoal":43,"minecraft:shield":5,"minecraft:stick":24747,"minecraft:stone_slab":6,"minecraft:iron_ingot":45,"minecraft:iron_pickaxe":2,"minecraft:iron_block":3,"minecraft:stone_sword":22,"minecraft:gold_ingot":18,"minecraft:composter":1,"minecraft:shears":2,"minecraft:cherry_planks":200,"minecraft:redstone":20,"minecraft:stone_shovel":10,"minecraft:experience_bottle":82,"minecraft:furnace":4,"minecraft:bamboo_sign":6,"minecraft:bone_meal":204,"minecraft:scaffolding":12,"minecraft:iron_axe":3,"minecraft:ladder":24,"minecraft:spruce_slab":66,"minecraft:ender_pearl":20,"minecraft:stone_pickaxe":1,"minecraft:diamond_boots":1,"minecraft:spruce_boat":2,"minecraft:dark_oak_planks":68,"minecraft:minecart":2,"minecraft:cherry_fence_gate":4,"minecraft:wheat":378,"minecraft:cooked_beef":51,"minecraft:crossbow":2,"minecraft:diamond_sword":2,"minecraft:enchanting_table":1,"minecraft:iron_sword":1,"minecraft:bowl":12,"minecraft:bucket":2,"minecraft:stone_axe":6,"minecraft:glowstone":8,"minecraft:enchanted_book":38,"minecraft:bread":90,"minecraft:air":0,"minecraft:jungle_planks":4600,"minecraft:bamboo_slab":48,"minecraft:oak_boat":1,"minecraft:golden_apple":1,"minecraft:flint":20,"minecraft:iron_leggings":1,"minecraft:anvil":1,"minecraft:white_bed":3,"minecraft:torch":244,"minecraft:lapis_lazuli":12,"minecraft:diamond_chestplate":1},"minecraft:custom":{"minecraft:animals_bred":37,"minecraft:interact_with_crafting_table":161,"minecraft:open_shulker_box":3,"minecraft:bell_ring":54,"minecraft:leave_game":13,"minecraft:time_since_death":1213756,"minecraft:sprint_one_cm":3660922,"minecraft:damage_blocked_by_shield":2475,"minecraft:drop":132,"minecraft:talked_to_villager":994,"minecraft:play_time":1213812,"minecraft:jump":20195,"minecraft:interact_with_brewingstand":40,"minecraft:walk_on_water_one_cm":75840,"minecraft:enchant_item":26,"minecraft:interact_with_furnace":51,"minecraft:traded_with_villager":1303,"minecraft:sleep_in_bed":77,"minecraft:damage_dealt":44862,"minecraft:crouch_one_cm":138499,"minecraft:interact_with_smoker":10,"minecraft:use_cauldron":6,"minecraft:interact_with_smithing_table":1,"minecraft:interact_with_anvil":47,"minecraft:mob_kills":312,"minecraft:inspect_hopper":1,"minecraft:climb_one_cm":64515,"minecraft:walk_one_cm":3151738,"minecraft:raid_win":2,"minecraft:strider_one_cm":364835,"minecraft:sneak_time":43052,"minecraft:walk_under_water_one_cm":42545,"minecraft:boat_one_cm":311782,"minecraft:total_world_time":1213812,"minecraft:interact_with_grindstone":23,"minecraft:time_since_rest":36878,"minecraft:damage_taken":4474,"minecraft:damage_absorbed":323,"minecraft:swim_one_cm":74752,"minecraft:fly_one_cm":5021206,"minecraft:open_chest":1052,"minecraft:aviate_one_cm":61,"minecraft:fall_one_cm":258071},"minecraft:killed":{"minecraft:witch":9,"minecraft:spider":13,"minecraft:shulker":5,"minecraft:skeleton":8,"minecraft:magma_cube":10,"minecraft:piglin":1,"minecraft:pig":15,"minecraft:zombie_villager":2,"minecraft:iron_golem":2,"minecraft:ender_dragon":1,"minecraft:creeper":12,"minecraft:sheep":13,"minecraft:pillager":20,"minecraft:zombie":43,"minecraft:ghast":2,"minecraft:blaze":35,"minecraft:cow":59,"minecraft:vex":8,"minecraft:evoker":5,"minecraft:vindicator":21,"minecraft:phantom":3,"minecraft:horse":4,"minecraft:bat":1,"minecraft:ravager":5,"minecraft:hoglin":1,"minecraft:wither_skeleton":3,"minecraft:enderman":6},"minecraft:dropped":{"minecraft:brown_mushroom":1,"minecraft:crossbow":7,"minecraft:saddle":1,"minecraft:emerald":132,"minecraft:dirt":132,"minecraft:mutton":6,"minecraft:bone_meal":8,"minecraft:bone":4,"minecraft:gravel":3,"minecraft:rotten_flesh":31,"minecraft:azure_bluet":2,"minecraft:carrot":3,"minecraft:chainmail_chestplate":1,"minecraft:tipped_arrow":2,"minecraft:gunpowder":6,"minecraft:spruce_slab":49,"minecraft:iron_bars":2,"minecraft:scaffolding":8,"minecraft:splash_potion":2,"minecraft:netherrack":10,"minecraft:egg":1,"minecraft:iron_ingot":31,"minecraft:golden_boots":1,"minecraft:water_bucket":1,"minecraft:enchanted_book":4,"minecraft:bread":18,"minecraft:oak_slab":2,"minecraft:wheat_seeds":19,"minecraft:diamond_leggings":1,"minecraft:feather":1,"minecraft:cobblestone":1,"minecraft:book":6,"minecraft:grass_block":1,"minecraft:oxeye_daisy":21,"minecraft:iron_leggings":1,"minecraft:iron_axe":2,"minecraft:chainmail_leggings":1,"minecraft:bamboo_slab":1,"minecraft:redstone":1,"minecraft:string":4,"minecraft:bucket":1,"minecraft:spruce_sapling":2,"minecraft:dandelion":1,"minecraft:stone_sword":1,"minecraft:chicken":1,"minecraft:suspicious_stew":3,"minecraft:diamond_sword":3,"minecraft:bamboo_raft":1,"minecraft:stone":9,"minecraft:shield":1,"minecraft:andesite":4,"minecraft:spider_eye":7,"minecraft:bow":1,"minecraft:stone_pickaxe":1,"minecraft:wooden_pickaxe":1}},"DataVersion":3465}