{"stats":{"minecraft:mined":{"minecraft:spruce_planks":5,"minecraft:white_bed":17,"minecraft:cherry_log":40,"minecraft:jungle_leaves":112,"minecraft:brewing_stand":4,"minecraft:obsidian":14,"minecraft:granite":13,"minecraft:grass_block":2335,"minecraft:jungle_log":676,"minecraft:cracked_polished_blackstone_bricks":1,"minecraft:soul_soil":3,"minecraft:composter":1,"minecraft:oxeye_daisy":58,"minecraft:iron_ore":33,"minecraft:cobbled_deepslate":1,"minecraft:fire":6,"minecraft:fletching_table":10,"minecraft:deepslate_lapis_ore":2,"minecraft:azure_bluet":1,"minecraft:enchanting_table":1,"minecraft:pointed_dripstone":6,"minecraft:flowering_azalea_leaves":11,"minecraft:dirt_path":2,"minecraft:azalea_leaves":31,"minecraft:spruce_slab":54,"minecraft:bamboo_slab":1,"minecraft:deepslate_redstone_ore":18,"minecraft:brown_mushroom":8,"minecraft:kelp_plant":1,"minecraft:soul_fire":16,"minecraft:orange_terracotta":2,"minecraft:torch":47,"minecraft:jungle_stairs":7,"minecraft:blast_furnace":3,"minecraft:poppy":2,"minecraft:chest":2,"minecraft:mushroom_stem":28,"minecraft:glass":2,"minecraft:cobblestone":76,"minecraft:grindstone":4,"minecraft:sugar_cane":941,"minecraft:oak_planks":3,"minecraft:wall_torch":19,"minecraft:cherry_slab":3,"minecraft:seagrass":1,"minecraft:bamboo_planks":32,"minecraft:nether_wart_block":1,"minecraft:wheat":41,"minecraft:cherry_door":3,"minecraft:grass":485,"minecraft:oak_log":29,"minecraft:dirt":2319,"minecraft:red_mushroom_block":177,"minecraft:netherrack":14,"minecraft:oak_leaves":78,"minecraft:deepslate":148,"minecraft:tuff":3,"minecraft:bamboo_fence_gate":2,"minecraft:dark_oak_leaves":126,"minecraft:deepslate_diamond_ore":16,"minecraft:cherry_sapling":3,"minecraft:dark_oak_log":32,"minecraft:ladder":1,"minecraft:jungle_planks":22,"minecraft:brown_mushroom_block":183,"minecraft:spruce_leaves":29,"minecraft:red_mushroom":7,"minecraft:hay_block":94,"minecraft:carrots":57,"minecraft:andesite":18,"minecraft:gold_block":1,"minecraft:bookshelf":1,"minecraft:deepslate_iron_ore":8,"minecraft:cobblestone_slab":15,"minecraft:vine":40,"minecraft:rail":25,"minecraft:bamboo_sapling":12,"minecraft:bamboo":1307,"minecraft:stone":376,"minecraft:smithing_table":1,"minecraft:podzol":5,"minecraft:oak_slab":270,"minecraft:scaffolding":20,"minecraft:cherry_planks":71,"minecraft:soul_sand":55,"minecraft:dandelion":38,"minecraft:crafting_table":8,"minecraft:cornflower":4,"minecraft:lectern":125,"minecraft:tall_grass":76,"minecraft:deepslate_gold_ore":32,"minecraft:lapis_ore":6,"minecraft:spruce_log":406,"minecraft:yellow_bed":20,"minecraft:coal_ore":58,"minecraft:cherry_leaves":439,"minecraft:gravel":4,"minecraft:dripstone_block":17,"minecraft:cobweb":1,"minecraft:fern":1},"minecraft:broken":{"minecraft:shears":1,"minecraft:diamond_shovel":1,"minecraft:stone_axe":3,"minecraft:iron_sword":1,"minecraft:stone_shovel":8,"minecraft:stone_sword":16,"minecraft:stone_hoe":1,"minecraft:iron_pickaxe":1},"minecraft:picked_up":{"minecraft:wheat":3,"minecraft:smithing_table":1,"minecraft:enchanted_book":5,"minecraft:brewing_stand":4,"minecraft:string":2,"minecraft:soul_soil":3,"minecraft:iron_leggings":1,"minecraft:pufferfish":1,"minecraft:diamond_leggings":2,"minecraft:cobbled_deepslate":182,"minecraft:bucket":1,"minecraft:spruce_planks":5,"minecraft:cobblestone_slab":19,"minecraft:iron_boots":11,"minecraft:stick":128,"minecraft:composter":1,"minecraft:torch":123,"minecraft:bamboo_slab":1,"minecraft:porkchop":39,"minecraft:cherry_log":40,"minecraft:pointed_dripstone":12,"minecraft:rotten_flesh":24,"minecraft:blaze_rod":63,"minecraft:obsidian":14,"minecraft:cobblestone":454,"minecraft:enchanting_table":1,"minecraft:andesite":18,"minecraft:cherry_leaves":413,"minecraft:magma_cream":3,"minecraft:cherry_planks":72,"minecraft:warped_fungus_on_a_stick":1,"minecraft:jungle_log":666,"minecraft:tuff":3,"minecraft:cherry_door":3,"minecraft:lapis_lazuli":96,"minecraft:dirt":4603,"minecraft:bone":29,"minecraft:bow":1,"minecraft:wheat_seeds":149,"minecraft:raw_gold":32,"minecraft:grindstone":4,"minecraft:fletching_table":10,"minecraft:diamond_helmet":1,"minecraft:bamboo":15992,"minecraft:oak_planks":3,"minecraft:jungle_planks":44,"minecraft:bamboo_raft":11,"minecraft:grass_block":2,"minecraft:dark_oak_log":32,"minecraft:diamond":17,"minecraft:spruce_boat":2,"minecraft:cracked_polished_blackstone_bricks":1,"minecraft:granite":13,"minecraft:bone_meal":16,"minecraft:golden_apple":10,"minecraft:emerald":64,"minecraft:bread":10,"minecraft:oak_sapling":2,"minecraft:cherry_slab":3,"minecraft:netherrack":16,"minecraft:diamond_pickaxe":1,"minecraft:cocoa_beans":10,"minecraft:crafting_table":8,"minecraft:azure_bluet":6,"minecraft:ladder":17,"minecraft:brown_mushroom":76,"minecraft:wooden_pickaxe":1,"minecraft:gold_block":1,"minecraft:cornflower":9,"minecraft:beef":94,"minecraft:oak_boat":1,"minecraft:minecart":11,"minecraft:jungle_sapling":44,"minecraft:spruce_slab":103,"minecraft:poppy":8,"minecraft:lectern":126,"minecraft:sugar_cane":1448,"minecraft:chest":2,"minecraft:phantom_membrane":3,"minecraft:egg":12,"minecraft:dark_oak_sapling":8,"minecraft:raw_iron":41,"minecraft:bowl":2,"minecraft:bamboo_fence_gate":2,"minecraft:carrot":59,"minecraft:redstone":71,"minecraft:arrow":20,"minecraft:jungle_stairs":6,"minecraft:hay_block":94,"minecraft:saddle":2,"minecraft:mutton":14,"minecraft:rail":25,"minecraft:white_wool":10,"minecraft:oxeye_daisy":73,"minecraft:jungle_boat":4,"minecraft:leather":63,"minecraft:red_mushroom":72,"minecraft:oak_log":29,"minecraft:yellow_bed":19,"minecraft:nether_wart_block":1,"minecraft:gunpowder":11,"minecraft:wooden_hoe":1,"minecraft:paper":26,"minecraft:orange_terracotta":2,"minecraft:apple":2,"minecraft:kelp":7,"minecraft:iron_ingot":31,"minecraft:soul_sand":53,"minecraft:book":3,"minecraft:scaffolding":43,"minecraft:oak_slab":269,"minecraft:bamboo_planks":33,"minecraft:dandelion":79,"minecraft:dripstone_block":17,"minecraft:gravel":4,"minecraft:spruce_sapling":57,"minecraft:blast_furnace":3,"minecraft:white_bed":23,"minecraft:spruce_log":402,"minecraft:cherry_sapling":42,"minecraft:coal":76,"minecraft:ender_pearl":1},"minecraft:used":{"minecraft:cherry_sapling":3,"minecraft:spruce_slab":61,"minecraft:bamboo_sign":4,"minecraft:ladder":37,"minecraft:diamond_hoe":7,"minecraft:chest":7,"minecraft:shield":39,"minecraft:iron_sword":128,"minecraft:rotten_flesh":2,"minecraft:jungle_planks":130,"minecraft:carrot":56,"minecraft:spruce_boat":2,"minecraft:jungle_sapling":36,"minecraft:glass":4,"minecraft:lava_bucket":13,"minecraft:cherry_leaves":356,"minecraft:bow":90,"minecraft:scaffolding":39,"minecraft:furnace":3,"minecraft:egg":4,"minecraft:warped_fungus_on_a_stick":20,"minecraft:stone_pickaxe":30,"minecraft:oak_planks":1,"minecraft:wooden_pickaxe":30,"minecraft:composter":1,"minecraft:sugar_cane":423,"minecraft:diamond_axe":1784,"minecraft:jungle_boat":6,"minecraft:white_wool":1,"minecraft:golden_apple":3,"minecraft:blast_furnace":3,"minecraft:dripstone_block":6,"minecraft:shears":417,"minecraft:pumpkin_seeds":4,"minecraft:bread":75,"minecraft:lectern":132,"minecraft:nether_wart_block":1,"minecraft:diamond_sword":381,"minecraft:grindstone":7,"minecraft:smithing_table":1,"minecraft:andesite":1,"minecraft:oak_boat":1,"minecraft:bone_meal":102,"minecraft:experience_bottle":19,"minecraft:enchanting_table":2,"minecraft:stone_sword":1143,"minecraft:stone_shovel":1191,"minecraft:spruce_planks":5,"minecraft:stone_hoe":138,"minecraft:netherrack":9,"minecraft:torch":360,"minecraft:brewing_stand":5,"minecraft:dirt":1092,"minecraft:hopper":4,"minecraft:bamboo_raft":9,"minecraft:bookshelf":17,"minecraft:cherry_slab":30,"minecraft:iron_boots":1,"minecraft:cherry_fence_gate":4,"minecraft:bamboo":1253,"minecraft:minecart":13,"minecraft:pointed_dripstone":8,"minecraft:cooked_beef":25,"minecraft:cherry_log":2,"minecraft:cobbled_deepslate":1,"minecraft:bamboo_planks":110,"minecraft:orange_terracotta":2,"minecraft:iron_leggings":1,"minecraft:water_bucket":230,"minecraft:brown_mushroom":8,"minecraft:cherry_planks":121,"minecraft:cauldron":4,"minecraft:fletching_table":13,"minecraft:cobblestone_slab":14,"minecraft:rail":40,"minecraft:crafting_table":12,"minecraft:oak_slab":337,"minecraft:red_mushroom":5,"minecraft:white_bed":26,"minecraft:campfire":4,"minecraft:spruce_log":5,"minecraft:bamboo_fence_gate":2,"minecraft:smoker":1,"minecraft:oak_log":1,"minecraft:diamond_pickaxe":626,"minecraft:oxeye_daisy":2,"minecraft:diamond_shovel":3384,"minecraft:cherry_door":3,"minecraft:iron_pickaxe":305,"minecraft:suspicious_stew":31,"minecraft:jungle_stairs":99,"minecraft:bamboo_slab":47,"minecraft:spruce_sapling":16,"minecraft:stone_axe":493,"minecraft:cobblestone":171,"minecraft:bucket":244,"minecraft:yellow_bed":18,"minecraft:dandelion":1},"minecraft:crafted":{"minecraft:grindstone":3,"minecraft:oak_planks":104,"minecraft:cherry_slab":36,"minecraft:blaze_powder":6,"minecraft:stone":12,"minecraft:diamond_shovel":2,"minecraft:bookshelf":23,"minecraft:suspicious_stew":34,"minecraft:bamboo_block":458,"minecraft:hopper":4,"minecraft:bow":7,"minecraft:iron_boots":11,"minecraft:chest":9,"minecraft:jungle_stairs":96,"minecraft:rail":16,"minecraft:stone_hoe":1,"minecraft:ender_eye":6,"minecraft:smoker":1,"minecraft:oak_slab":162,"minecraft:arrow":64,"minecraft:emerald":466,"minecraft:diamond_axe":1,"minecraft:crafting_table":4,"minecraft:spruce_planks":1224,"minecraft:jungle_boat":1,"minecraft:wooden_pickaxe":2,"minecraft:iron_helmet":1,"minecraft:fletching_table":3,"minecraft:campfire":4,"minecraft:bamboo_planks":862,"minecraft:lectern":6,"minecraft:iron_chestplate":1,"minecraft:book":67,"minecraft:diamond_pickaxe":1,"minecraft:paper":261,"minecraft:charcoal":43,"minecraft:shield":5,"minecraft:stick":14471,"minecraft:stone_slab":6,"minecraft:iron_ingot":37,"minecraft:iron_pickaxe":2,"minecraft:stone_sword":22,"minecraft:gold_ingot":18,"minecraft:composter":1,"minecraft:shears":2,"minecraft:cherry_planks":200,"minecraft:redstone":20,"minecraft:stone_shovel":10,"minecraft:experience_bottle":19,"minecraft:furnace":4,"minecraft:bamboo_sign":6,"minecraft:bone_meal":93,"minecraft:scaffolding":12,"minecraft:iron_axe":3,"minecraft:ladder":24,"minecraft:spruce_slab":66,"minecraft:ender_pearl":13,"minecraft:stone_pickaxe":1,"minecraft:diamond_boots":1,"minecraft:spruce_boat":2,"minecraft:dark_oak_planks":68,"minecraft:minecart":2,"minecraft:cherry_fence_gate":4,"minecraft:wheat":270,"minecraft:cooked_beef":32,"minecraft:diamond_sword":1,"minecraft:enchanting_table":1,"minecraft:iron_sword":1,"minecraft:bowl":12,"minecraft:bucket":2,"minecraft:stone_axe":6,"minecraft:glowstone":8,"minecraft:enchanted_book":3,"minecraft:air":0,"minecraft:bread":90,"minecraft:jungle_planks":2732,"minecraft:bamboo_slab":48,"minecraft:oak_boat":1,"minecraft:golden_apple":1,"minecraft:flint":20,"minecraft:iron_leggings":1,"minecraft:white_bed":3,"minecraft:torch":244,"minecraft:lapis_lazuli":12,"minecraft:diamond_chestplate":1},"minecraft:custom":{"minecraft:animals_bred":2,"minecraft:interact_with_crafting_table":154,"minecraft:leave_game":12,"minecraft:time_since_death":920180,"minecraft:sprint_one_cm":2765461,"minecraft:damage_blocked_by_shield":2475,"minecraft:drop":69,"minecraft:talked_to_villager":316,"minecraft:play_time":920180,"minecraft:jump":14140,"minecraft:walk_on_water_one_cm":68553,"minecraft:enchant_item":15,"minecraft:interact_with_furnace":45,"minecraft:traded_with_villager":547,"minecraft:sleep_in_bed":59,"minecraft:damage_dealt":22517,"minecraft:crouch_one_cm":109422,"minecraft:interact_with_smoker":8,"minecraft:use_cauldron":5,"minecraft:interact_with_smithing_table":1,"minecraft:interact_with_anvil":12,"minecraft:mob_kills":157,"minecraft:climb_one_cm":50781,"minecraft:walk_one_cm":2602603,"minecraft:strider_one_cm":364835,"minecraft:sneak_time":35558,"minecraft:walk_under_water_one_cm":41267,"minecraft:boat_one_cm":311782,"minecraft:total_world_time":920180,"minecraft:interact_with_grindstone":16,"minecraft:time_since_rest":12775,"minecraft:damage_taken":1106,"minecraft:damage_absorbed":83,"minecraft:swim_one_cm":62645,"minecraft:fly_one_cm":3182438,"minecraft:open_chest":789,"minecraft:fall_one_cm":147836},"minecraft:killed":{"minecraft:skeleton":3,"minecraft:magma_cube":10,"minecraft:piglin":1,"minecraft:pig":14,"minecraft:iron_golem":2,"minecraft:creeper":5,"minecraft:sheep":9,"minecraft:pillager":2,"minecraft:zombie":14,"minecraft:ghast":2,"minecraft:cow":45,"minecraft:blaze":35,"minecraft:phantom":3,"minecraft:horse":4,"minecraft:bat":1,"minecraft:hoglin":1,"minecraft:wither_skeleton":3,"minecraft:enderman":1},"minecraft:dropped":{"minecraft:emerald":129,"minecraft:dirt":72,"minecraft:bone_meal":8,"minecraft:gravel":3,"minecraft:rotten_flesh":10,"minecraft:azure_bluet":2,"minecraft:carrot":3,"minecraft:gunpowder":6,"minecraft:spruce_slab":47,"minecraft:scaffolding":8,"minecraft:egg":1,"minecraft:iron_ingot":2,"minecraft:enchanted_book":1,"minecraft:water_bucket":1,"minecraft:bread":18,"minecraft:oak_slab":2,"minecraft:wheat_seeds":5,"minecraft:diamond_leggings":1,"minecraft:cobblestone":1,"minecraft:book":3,"minecraft:grass_block":1,"minecraft:oxeye_daisy":2,"minecraft:iron_leggings":1,"minecraft:bamboo_slab":1,"minecraft:bucket":1,"minecraft:stone_sword":1,"minecraft:suspicious_stew":3,"minecraft:bamboo_raft":1,"minecraft:stone":9,"minecraft:andesite":4,"minecraft:bow":1,"minecraft:stone_pickaxe":1,"minecraft:wooden_pickaxe":1}},"DataVersion":3465}