{"stats":{"minecraft:broken":{"minecraft:shears":1,"minecraft:diamond_shovel":1,"minecraft:stone_axe":3,"minecraft:iron_sword":1,"minecraft:stone_shovel":8,"minecraft:stone_sword":16,"minecraft:stone_hoe":1,"minecraft:iron_pickaxe":1},"minecraft:picked_up":{"minecraft:wheat":3,"minecraft:enchanted_book":5,"minecraft:brewing_stand":2,"minecraft:pufferfish":1,"minecraft:diamond_leggings":1,"minecraft:cobbled_deepslate":182,"minecraft:bucket":1,"minecraft:spruce_planks":5,"minecraft:cobblestone_slab":19,"minecraft:iron_boots":10,"minecraft:stick":32,"minecraft:composter":1,"minecraft:torch":111,"minecraft:bamboo_slab":1,"minecraft:porkchop":1,"minecraft:cherry_log":16,"minecraft:pointed_dripstone":12,"minecraft:rotten_flesh":18,"minecraft:obsidian":14,"minecraft:cobblestone":452,"minecraft:enchanting_table":1,"minecraft:jungle_log":130,"minecraft:cherry_planks":71,"minecraft:cherry_leaves":413,"minecraft:andesite":18,"minecraft:tuff":3,"minecraft:dirt":4445,"minecraft:cherry_door":3,"minecraft:lapis_lazuli":96,"minecraft:bone":16,"minecraft:wheat_seeds":127,"minecraft:raw_gold":32,"minecraft:grindstone":3,"minecraft:diamond_helmet":1,"minecraft:fletching_table":5,"minecraft:bamboo":15992,"minecraft:oak_planks":2,"minecraft:jungle_planks":24,"minecraft:bamboo_raft":11,"minecraft:grass_block":2,"minecraft:dark_oak_log":32,"minecraft:diamond":17,"minecraft:granite":13,"minecraft:bone_meal":16,"minecraft:golden_apple":1,"minecraft:emerald":64,"minecraft:bread":10,"minecraft:oak_sapling":2,"minecraft:cherry_slab":3,"minecraft:diamond_pickaxe":1,"minecraft:cocoa_beans":10,"minecraft:crafting_table":7,"minecraft:azure_bluet":6,"minecraft:ladder":17,"minecraft:brown_mushroom":76,"minecraft:wooden_pickaxe":1,"minecraft:gold_block":1,"minecraft:cornflower":9,"minecraft:beef":86,"minecraft:jungle_sapling":13,"minecraft:lectern":33,"minecraft:poppy":7,"minecraft:spruce_slab":56,"minecraft:minecart":3,"minecraft:sugar_cane":1436,"minecraft:chest":2,"minecraft:egg":7,"minecraft:dark_oak_sapling":8,"minecraft:raw_iron":41,"minecraft:bowl":2,"minecraft:carrot":51,"minecraft:redstone":71,"minecraft:arrow":13,"minecraft:jungle_stairs":6,"minecraft:hay_block":94,"minecraft:white_wool":10,"minecraft:mutton":14,"minecraft:rail":8,"minecraft:oxeye_daisy":67,"minecraft:jungle_boat":4,"minecraft:leather":55,"minecraft:red_mushroom":72,"minecraft:oak_log":29,"minecraft:gunpowder":5,"minecraft:yellow_bed":12,"minecraft:wooden_hoe":1,"minecraft:paper":26,"minecraft:orange_terracotta":2,"minecraft:apple":2,"minecraft:kelp":7,"minecraft:iron_ingot":31,"minecraft:scaffolding":43,"minecraft:oak_slab":55,"minecraft:bamboo_planks":33,"minecraft:dandelion":69,"minecraft:dripstone_block":17,"minecraft:gravel":4,"minecraft:spruce_sapling":23,"minecraft:blast_furnace":1,"minecraft:white_bed":22,"minecraft:spruce_log":79,"minecraft:cherry_sapling":2,"minecraft:coal":70,"minecraft:ender_pearl":1},"minecraft:killed":{"minecraft:skeleton":2,"minecraft:pig":1,"minecraft:iron_golem":2,"minecraft:creeper":3,"minecraft:sheep":9,"minecraft:zombie":12,"minecraft:cow":43,"minecraft:horse":2,"minecraft:bat":1,"minecraft:enderman":1},"minecraft:mined":{"minecraft:spruce_planks":5,"minecraft:white_bed":17,"minecraft:cherry_log":16,"minecraft:jungle_leaves":41,"minecraft:brewing_stand":2,"minecraft:obsidian":14,"minecraft:granite":13,"minecraft:grass_block":2267,"minecraft:jungle_log":133,"minecraft:composter":1,"minecraft:oxeye_daisy":52,"minecraft:iron_ore":33,"minecraft:cobbled_deepslate":1,"minecraft:fletching_table":5,"minecraft:deepslate_lapis_ore":2,"minecraft:azure_bluet":1,"minecraft:enchanting_table":1,"minecraft:pointed_dripstone":6,"minecraft:flowering_azalea_leaves":11,"minecraft:dirt_path":2,"minecraft:azalea_leaves":31,"minecraft:spruce_slab":54,"minecraft:bamboo_slab":1,"minecraft:deepslate_redstone_ore":18,"minecraft:brown_mushroom":8,"minecraft:kelp_plant":1,"minecraft:orange_terracotta":2,"minecraft:torch":41,"minecraft:jungle_stairs":7,"minecraft:blast_furnace":1,"minecraft:poppy":1,"minecraft:chest":2,"minecraft:mushroom_stem":28,"minecraft:glass":2,"minecraft:cobblestone":74,"minecraft:sugar_cane":934,"minecraft:grindstone":3,"minecraft:oak_planks":2,"minecraft:wall_torch":16,"minecraft:cherry_slab":3,"minecraft:seagrass":1,"minecraft:bamboo_planks":32,"minecraft:wheat":41,"minecraft:cherry_door":3,"minecraft:grass":337,"minecraft:oak_log":29,"minecraft:dirt":2228,"minecraft:red_mushroom_block":177,"minecraft:oak_leaves":78,"minecraft:deepslate":148,"minecraft:tuff":3,"minecraft:dark_oak_leaves":126,"minecraft:deepslate_diamond_ore":16,"minecraft:dark_oak_log":32,"minecraft:ladder":1,"minecraft:jungle_planks":22,"minecraft:brown_mushroom_block":183,"minecraft:spruce_leaves":23,"minecraft:red_mushroom":7,"minecraft:hay_block":94,"minecraft:carrots":55,"minecraft:andesite":18,"minecraft:gold_block":1,"minecraft:cobblestone_slab":15,"minecraft:deepslate_iron_ore":8,"minecraft:vine":19,"minecraft:rail":8,"minecraft:bamboo_sapling":12,"minecraft:bamboo":1307,"minecraft:stone":376,"minecraft:podzol":5,"minecraft:oak_slab":50,"minecraft:scaffolding":20,"minecraft:cherry_planks":71,"minecraft:dandelion":27,"minecraft:crafting_table":7,"minecraft:cornflower":4,"minecraft:lectern":32,"minecraft:tall_grass":67,"minecraft:lapis_ore":6,"minecraft:deepslate_gold_ore":32,"minecraft:spruce_log":79,"minecraft:yellow_bed":13,"minecraft:coal_ore":58,"minecraft:cherry_leaves":422,"minecraft:gravel":4,"minecraft:dripstone_block":17,"minecraft:cobweb":1,"minecraft:fern":1},"minecraft:used":{"minecraft:spruce_slab":58,"minecraft:diamond_hoe":7,"minecraft:bamboo_sign":4,"minecraft:ladder":37,"minecraft:chest":7,"minecraft:shield":21,"minecraft:iron_sword":128,"minecraft:rotten_flesh":2,"minecraft:jungle_planks":130,"minecraft:carrot":51,"minecraft:jungle_sapling":12,"minecraft:glass":4,"minecraft:lava_bucket":7,"minecraft:cherry_leaves":356,"minecraft:bow":29,"minecraft:scaffolding":39,"minecraft:furnace":3,"minecraft:egg":4,"minecraft:stone_pickaxe":30,"minecraft:wooden_pickaxe":30,"minecraft:composter":1,"minecraft:diamond_axe":473,"minecraft:sugar_cane":423,"minecraft:jungle_boat":6,"minecraft:white_wool":1,"minecraft:blast_furnace":1,"minecraft:dripstone_block":6,"minecraft:shears":417,"minecraft:pumpkin_seeds":4,"minecraft:bread":75,"minecraft:lectern":35,"minecraft:diamond_sword":179,"minecraft:grindstone":6,"minecraft:andesite":1,"minecraft:oak_boat":1,"minecraft:bone_meal":51,"minecraft:enchanting_table":2,"minecraft:stone_sword":1143,"minecraft:stone_shovel":1191,"minecraft:spruce_planks":5,"minecraft:stone_hoe":138,"minecraft:torch":333,"minecraft:brewing_stand":2,"minecraft:dirt":1004,"minecraft:hopper":4,"minecraft:bamboo_raft":9,"minecraft:bookshelf":16,"minecraft:cherry_slab":30,"minecraft:cherry_fence_gate":4,"minecraft:bamboo":1253,"minecraft:minecart":3,"minecraft:cooked_beef":13,"minecraft:cobbled_deepslate":1,"minecraft:cherry_log":2,"minecraft:orange_terracotta":2,"minecraft:bamboo_planks":110,"minecraft:pointed_dripstone":8,"minecraft:water_bucket":228,"minecraft:cherry_planks":121,"minecraft:brown_mushroom":8,"minecraft:cauldron":4,"minecraft:fletching_table":8,"minecraft:cobblestone_slab":14,"minecraft:rail":7,"minecraft:oak_slab":179,"minecraft:crafting_table":11,"minecraft:red_mushroom":5,"minecraft:campfire":4,"minecraft:white_bed":25,"minecraft:smoker":1,"minecraft:spruce_log":2,"minecraft:oak_log":1,"minecraft:diamond_pickaxe":585,"minecraft:oxeye_daisy":2,"minecraft:diamond_shovel":3178,"minecraft:cherry_door":3,"minecraft:suspicious_stew":18,"minecraft:iron_pickaxe":305,"minecraft:jungle_stairs":99,"minecraft:bamboo_slab":47,"minecraft:spruce_sapling":8,"minecraft:stone_axe":493,"minecraft:cobblestone":168,"minecraft:bucket":238,"minecraft:yellow_bed":11},"minecraft:custom":{"minecraft:interact_with_crafting_table":136,"minecraft:leave_game":9,"minecraft:time_since_death":715552,"minecraft:sprint_one_cm":2219703,"minecraft:damage_blocked_by_shield":1560,"minecraft:drop":54,"minecraft:talked_to_villager":132,"minecraft:play_time":715552,"minecraft:jump":10513,"minecraft:walk_on_water_one_cm":66597,"minecraft:enchant_item":5,"minecraft:interact_with_furnace":45,"minecraft:traded_with_villager":254,"minecraft:sleep_in_bed":48,"minecraft:damage_dealt":11012,"minecraft:crouch_one_cm":78690,"minecraft:interact_with_smoker":7,"minecraft:use_cauldron":3,"minecraft:mob_kills":78,"minecraft:climb_one_cm":45903,"minecraft:walk_one_cm":2172799,"minecraft:sneak_time":28448,"minecraft:walk_under_water_one_cm":40913,"minecraft:boat_one_cm":311782,"minecraft:total_world_time":715552,"minecraft:interact_with_grindstone":4,"minecraft:time_since_rest":8632,"minecraft:damage_taken":631,"minecraft:swim_one_cm":58249,"minecraft:fly_one_cm":2391796,"minecraft:open_chest":620,"minecraft:fall_one_cm":104269},"minecraft:crafted":{"minecraft:grindstone":3,"minecraft:oak_planks":104,"minecraft:cherry_slab":36,"minecraft:stone":12,"minecraft:diamond_shovel":2,"minecraft:bookshelf":18,"minecraft:suspicious_stew":21,"minecraft:bamboo_block":458,"minecraft:hopper":4,"minecraft:bow":7,"minecraft:iron_boots":1,"minecraft:chest":9,"minecraft:jungle_stairs":96,"minecraft:stone_hoe":1,"minecraft:smoker":1,"minecraft:oak_slab":132,"minecraft:arrow":64,"minecraft:emerald":241,"minecraft:diamond_axe":1,"minecraft:crafting_table":4,"minecraft:spruce_planks":144,"minecraft:jungle_boat":1,"minecraft:wooden_pickaxe":2,"minecraft:iron_helmet":1,"minecraft:fletching_table":3,"minecraft:campfire":4,"minecraft:bamboo_planks":846,"minecraft:lectern":2,"minecraft:iron_chestplate":1,"minecraft:book":59,"minecraft:paper":249,"minecraft:diamond_pickaxe":1,"minecraft:charcoal":43,"minecraft:shield":1,"minecraft:stick":7762,"minecraft:stone_slab":6,"minecraft:iron_ingot":37,"minecraft:iron_pickaxe":2,"minecraft:stone_sword":22,"minecraft:gold_ingot":18,"minecraft:composter":1,"minecraft:shears":2,"minecraft:cherry_planks":104,"minecraft:stone_shovel":10,"minecraft:furnace":4,"minecraft:bamboo_sign":6,"minecraft:bone_meal":42,"minecraft:scaffolding":12,"minecraft:ladder":24,"minecraft:spruce_slab":66,"minecraft:stone_pickaxe":1,"minecraft:diamond_boots":1,"minecraft:dark_oak_planks":68,"minecraft:minecart":1,"minecraft:wheat":270,"minecraft:cherry_fence_gate":4,"minecraft:cooked_beef":32,"minecraft:diamond_sword":1,"minecraft:enchanting_table":1,"minecraft:iron_sword":1,"minecraft:bowl":12,"minecraft:bucket":2,"minecraft:stone_axe":6,"minecraft:bread":90,"minecraft:air":0,"minecraft:jungle_planks":560,"minecraft:bamboo_slab":48,"minecraft:oak_boat":1,"minecraft:golden_apple":1,"minecraft:flint":20,"minecraft:iron_leggings":1,"minecraft:white_bed":3,"minecraft:torch":244,"minecraft:diamond_chestplate":1},"minecraft:dropped":{"minecraft:emerald":129,"minecraft:dirt":72,"minecraft:bone_meal":8,"minecraft:gravel":3,"minecraft:rotten_flesh":10,"minecraft:azure_bluet":2,"minecraft:scaffolding":8,"minecraft:egg":1,"minecraft:enchanted_book":1,"minecraft:water_bucket":1,"minecraft:iron_ingot":2,"minecraft:bread":18,"minecraft:wheat_seeds":3,"minecraft:cobblestone":1,"minecraft:book":3,"minecraft:grass_block":1,"minecraft:oxeye_daisy":2,"minecraft:bamboo_slab":1,"minecraft:bucket":1,"minecraft:stone_sword":1,"minecraft:suspicious_stew":3,"minecraft:bamboo_raft":1,"minecraft:stone":9,"minecraft:andesite":4,"minecraft:stone_pickaxe":1,"minecraft:wooden_pickaxe":1}},"DataVersion":3465}