{"stats":{"minecraft:broken":{"minecraft:shears":1,"minecraft:diamond_shovel":1,"minecraft:stone_axe":3,"minecraft:iron_sword":1,"minecraft:stone_shovel":8,"minecraft:stone_sword":16,"minecraft:stone_hoe":1,"minecraft:iron_pickaxe":1},"minecraft:picked_up":{"minecraft:wheat":3,"minecraft:smithing_table":1,"minecraft:enchanted_book":5,"minecraft:brewing_stand":4,"minecraft:string":2,"minecraft:soul_soil":3,"minecraft:iron_leggings":1,"minecraft:pufferfish":1,"minecraft:diamond_leggings":2,"minecraft:cobbled_deepslate":182,"minecraft:bucket":1,"minecraft:spruce_planks":5,"minecraft:cobblestone_slab":19,"minecraft:iron_boots":11,"minecraft:stick":124,"minecraft:composter":1,"minecraft:torch":121,"minecraft:bamboo_slab":1,"minecraft:porkchop":1,"minecraft:cherry_log":40,"minecraft:pointed_dripstone":12,"minecraft:rotten_flesh":18,"minecraft:blaze_rod":63,"minecraft:obsidian":14,"minecraft:cobblestone":453,"minecraft:enchanting_table":1,"minecraft:magma_cream":3,"minecraft:warped_fungus_on_a_stick":1,"minecraft:andesite":18,"minecraft:cherry_planks":72,"minecraft:cherry_leaves":413,"minecraft:jungle_log":666,"minecraft:tuff":3,"minecraft:cherry_door":3,"minecraft:lapis_lazuli":96,"minecraft:dirt":4472,"minecraft:bone":29,"minecraft:bow":1,"minecraft:wheat_seeds":147,"minecraft:raw_gold":32,"minecraft:grindstone":4,"minecraft:fletching_table":10,"minecraft:diamond_helmet":1,"minecraft:bamboo":15992,"minecraft:oak_planks":3,"minecraft:jungle_planks":32,"minecraft:bamboo_raft":11,"minecraft:grass_block":2,"minecraft:dark_oak_log":32,"minecraft:diamond":17,"minecraft:spruce_boat":2,"minecraft:cracked_polished_blackstone_bricks":1,"minecraft:granite":13,"minecraft:bone_meal":16,"minecraft:golden_apple":10,"minecraft:emerald":64,"minecraft:bread":10,"minecraft:oak_sapling":2,"minecraft:cherry_slab":3,"minecraft:netherrack":16,"minecraft:diamond_pickaxe":1,"minecraft:cocoa_beans":10,"minecraft:crafting_table":8,"minecraft:azure_bluet":6,"minecraft:ladder":17,"minecraft:brown_mushroom":76,"minecraft:wooden_pickaxe":1,"minecraft:gold_block":1,"minecraft:cornflower":9,"minecraft:beef":86,"minecraft:oak_boat":1,"minecraft:lectern":45,"minecraft:jungle_sapling":44,"minecraft:spruce_slab":103,"minecraft:poppy":8,"minecraft:minecart":8,"minecraft:sugar_cane":1436,"minecraft:chest":2,"minecraft:egg":7,"minecraft:dark_oak_sapling":8,"minecraft:raw_iron":41,"minecraft:bowl":2,"minecraft:bamboo_fence_gate":2,"minecraft:carrot":59,"minecraft:redstone":71,"minecraft:arrow":18,"minecraft:jungle_stairs":6,"minecraft:hay_block":94,"minecraft:saddle":2,"minecraft:white_wool":10,"minecraft:mutton":14,"minecraft:rail":25,"minecraft:oxeye_daisy":67,"minecraft:jungle_boat":4,"minecraft:leather":55,"minecraft:red_mushroom":72,"minecraft:oak_log":29,"minecraft:nether_wart_block":1,"minecraft:yellow_bed":17,"minecraft:gunpowder":5,"minecraft:wooden_hoe":1,"minecraft:paper":26,"minecraft:orange_terracotta":2,"minecraft:apple":2,"minecraft:kelp":7,"minecraft:iron_ingot":31,"minecraft:soul_sand":53,"minecraft:book":3,"minecraft:scaffolding":43,"minecraft:oak_slab":268,"minecraft:bamboo_planks":33,"minecraft:dandelion":78,"minecraft:dripstone_block":17,"minecraft:gravel":4,"minecraft:spruce_sapling":52,"minecraft:blast_furnace":3,"minecraft:white_bed":22,"minecraft:spruce_log":313,"minecraft:cherry_sapling":42,"minecraft:coal":76,"minecraft:ender_pearl":1},"minecraft:killed":{"minecraft:skeleton":3,"minecraft:magma_cube":10,"minecraft:piglin":1,"minecraft:pig":1,"minecraft:iron_golem":2,"minecraft:creeper":3,"minecraft:sheep":9,"minecraft:zombie":12,"minecraft:ghast":2,"minecraft:blaze":35,"minecraft:cow":43,"minecraft:horse":2,"minecraft:bat":1,"minecraft:hoglin":1,"minecraft:wither_skeleton":3,"minecraft:enderman":1},"minecraft:mined":{"minecraft:spruce_planks":5,"minecraft:white_bed":17,"minecraft:cherry_log":40,"minecraft:jungle_leaves":112,"minecraft:brewing_stand":4,"minecraft:obsidian":14,"minecraft:granite":13,"minecraft:grass_block":2267,"minecraft:jungle_log":676,"minecraft:cracked_polished_blackstone_bricks":1,"minecraft:soul_soil":3,"minecraft:composter":1,"minecraft:oxeye_daisy":52,"minecraft:fire":6,"minecraft:iron_ore":33,"minecraft:cobbled_deepslate":1,"minecraft:fletching_table":10,"minecraft:deepslate_lapis_ore":2,"minecraft:azure_bluet":1,"minecraft:enchanting_table":1,"minecraft:pointed_dripstone":6,"minecraft:flowering_azalea_leaves":11,"minecraft:dirt_path":2,"minecraft:azalea_leaves":31,"minecraft:spruce_slab":54,"minecraft:bamboo_slab":1,"minecraft:deepslate_redstone_ore":18,"minecraft:brown_mushroom":8,"minecraft:kelp_plant":1,"minecraft:soul_fire":16,"minecraft:orange_terracotta":2,"minecraft:torch":47,"minecraft:jungle_stairs":7,"minecraft:blast_furnace":3,"minecraft:poppy":2,"minecraft:chest":2,"minecraft:mushroom_stem":28,"minecraft:glass":2,"minecraft:cobblestone":75,"minecraft:grindstone":4,"minecraft:sugar_cane":934,"minecraft:oak_planks":3,"minecraft:wall_torch":19,"minecraft:cherry_slab":3,"minecraft:seagrass":1,"minecraft:bamboo_planks":32,"minecraft:nether_wart_block":1,"minecraft:wheat":41,"minecraft:cherry_door":3,"minecraft:grass":473,"minecraft:oak_log":29,"minecraft:dirt":2254,"minecraft:red_mushroom_block":177,"minecraft:netherrack":14,"minecraft:oak_leaves":78,"minecraft:deepslate":148,"minecraft:tuff":3,"minecraft:bamboo_fence_gate":2,"minecraft:dark_oak_leaves":126,"minecraft:deepslate_diamond_ore":16,"minecraft:cherry_sapling":3,"minecraft:dark_oak_log":32,"minecraft:ladder":1,"minecraft:jungle_planks":22,"minecraft:brown_mushroom_block":183,"minecraft:spruce_leaves":27,"minecraft:red_mushroom":7,"minecraft:hay_block":94,"minecraft:carrots":57,"minecraft:andesite":18,"minecraft:gold_block":1,"minecraft:bookshelf":1,"minecraft:cobblestone_slab":15,"minecraft:deepslate_iron_ore":8,"minecraft:vine":40,"minecraft:rail":25,"minecraft:bamboo_sapling":12,"minecraft:bamboo":1307,"minecraft:stone":376,"minecraft:podzol":5,"minecraft:smithing_table":1,"minecraft:oak_slab":269,"minecraft:scaffolding":20,"minecraft:cherry_planks":71,"minecraft:soul_sand":55,"minecraft:dandelion":37,"minecraft:crafting_table":8,"minecraft:cornflower":4,"minecraft:lectern":44,"minecraft:tall_grass":72,"minecraft:lapis_ore":6,"minecraft:deepslate_gold_ore":32,"minecraft:spruce_log":317,"minecraft:yellow_bed":18,"minecraft:coal_ore":58,"minecraft:cherry_leaves":439,"minecraft:gravel":4,"minecraft:dripstone_block":17,"minecraft:cobweb":1,"minecraft:fern":1},"minecraft:used":{"minecraft:cherry_sapling":3,"minecraft:spruce_slab":58,"minecraft:ladder":37,"minecraft:bamboo_sign":4,"minecraft:diamond_hoe":7,"minecraft:chest":7,"minecraft:shield":33,"minecraft:iron_sword":128,"minecraft:rotten_flesh":2,"minecraft:jungle_planks":130,"minecraft:carrot":56,"minecraft:spruce_boat":2,"minecraft:jungle_sapling":36,"minecraft:glass":4,"minecraft:lava_bucket":7,"minecraft:cherry_leaves":356,"minecraft:bow":89,"minecraft:scaffolding":39,"minecraft:furnace":3,"minecraft:egg":4,"minecraft:warped_fungus_on_a_stick":20,"minecraft:stone_pickaxe":30,"minecraft:oak_planks":1,"minecraft:wooden_pickaxe":30,"minecraft:composter":1,"minecraft:sugar_cane":423,"minecraft:diamond_axe":1611,"minecraft:jungle_boat":6,"minecraft:white_wool":1,"minecraft:golden_apple":3,"minecraft:blast_furnace":3,"minecraft:dripstone_block":6,"minecraft:shears":417,"minecraft:pumpkin_seeds":4,"minecraft:bread":75,"minecraft:lectern":47,"minecraft:nether_wart_block":1,"minecraft:diamond_sword":327,"minecraft:grindstone":7,"minecraft:smithing_table":1,"minecraft:andesite":1,"minecraft:oak_boat":1,"minecraft:bone_meal":102,"minecraft:experience_bottle":19,"minecraft:enchanting_table":2,"minecraft:stone_sword":1143,"minecraft:stone_shovel":1191,"minecraft:spruce_planks":5,"minecraft:stone_hoe":138,"minecraft:netherrack":9,"minecraft:torch":358,"minecraft:brewing_stand":5,"minecraft:dirt":1089,"minecraft:hopper":4,"minecraft:bamboo_raft":9,"minecraft:bookshelf":17,"minecraft:cherry_slab":30,"minecraft:iron_boots":1,"minecraft:cherry_fence_gate":4,"minecraft:bamboo":1253,"minecraft:minecart":9,"minecraft:orange_terracotta":2,"minecraft:cooked_beef":19,"minecraft:pointed_dripstone":8,"minecraft:cobbled_deepslate":1,"minecraft:cherry_log":2,"minecraft:bamboo_planks":110,"minecraft:iron_leggings":1,"minecraft:water_bucket":230,"minecraft:brown_mushroom":8,"minecraft:cherry_planks":121,"minecraft:cauldron":4,"minecraft:fletching_table":13,"minecraft:cobblestone_slab":14,"minecraft:rail":40,"minecraft:oak_slab":337,"minecraft:crafting_table":11,"minecraft:red_mushroom":5,"minecraft:white_bed":25,"minecraft:campfire":4,"minecraft:spruce_log":5,"minecraft:bamboo_fence_gate":2,"minecraft:smoker":1,"minecraft:oak_log":1,"minecraft:diamond_pickaxe":624,"minecraft:oxeye_daisy":2,"minecraft:diamond_shovel":3253,"minecraft:cherry_door":3,"minecraft:iron_pickaxe":305,"minecraft:suspicious_stew":31,"minecraft:jungle_stairs":99,"minecraft:bamboo_slab":47,"minecraft:spruce_sapling":16,"minecraft:stone_axe":493,"minecraft:cobblestone":170,"minecraft:bucket":240,"minecraft:yellow_bed":16},"minecraft:custom":{"minecraft:interact_with_crafting_table":143,"minecraft:leave_game":11,"minecraft:time_since_death":857761,"minecraft:sprint_one_cm":2559081,"minecraft:damage_blocked_by_shield":2175,"minecraft:drop":61,"minecraft:talked_to_villager":212,"minecraft:play_time":857761,"minecraft:jump":12582,"minecraft:walk_on_water_one_cm":67807,"minecraft:enchant_item":15,"minecraft:interact_with_furnace":45,"minecraft:traded_with_villager":526,"minecraft:sleep_in_bed":52,"minecraft:damage_dealt":18986,"minecraft:crouch_one_cm":105171,"minecraft:interact_with_smoker":8,"minecraft:use_cauldron":5,"minecraft:interact_with_smithing_table":1,"minecraft:mob_kills":131,"minecraft:interact_with_anvil":12,"minecraft:climb_one_cm":50031,"minecraft:walk_one_cm":2453677,"minecraft:strider_one_cm":364835,"minecraft:sneak_time":34668,"minecraft:walk_under_water_one_cm":40913,"minecraft:boat_one_cm":311782,"minecraft:total_world_time":857761,"minecraft:interact_with_grindstone":16,"minecraft:time_since_rest":83670,"minecraft:damage_taken":1081,"minecraft:damage_absorbed":83,"minecraft:swim_one_cm":58249,"minecraft:fly_one_cm":2797140,"minecraft:open_chest":735,"minecraft:fall_one_cm":124762},"minecraft:crafted":{"minecraft:grindstone":3,"minecraft:oak_planks":104,"minecraft:cherry_slab":36,"minecraft:stone":12,"minecraft:diamond_shovel":2,"minecraft:bookshelf":19,"minecraft:suspicious_stew":34,"minecraft:bamboo_block":458,"minecraft:hopper":4,"minecraft:bow":7,"minecraft:iron_boots":11,"minecraft:chest":9,"minecraft:jungle_stairs":96,"minecraft:rail":16,"minecraft:stone_hoe":1,"minecraft:smoker":1,"minecraft:oak_slab":162,"minecraft:arrow":64,"minecraft:emerald":447,"minecraft:diamond_axe":1,"minecraft:crafting_table":4,"minecraft:spruce_planks":1080,"minecraft:jungle_boat":1,"minecraft:wooden_pickaxe":2,"minecraft:iron_helmet":1,"minecraft:fletching_table":3,"minecraft:campfire":4,"minecraft:bamboo_planks":846,"minecraft:lectern":2,"minecraft:iron_chestplate":1,"minecraft:book":59,"minecraft:diamond_pickaxe":1,"minecraft:paper":249,"minecraft:charcoal":43,"minecraft:shield":2,"minecraft:stick":13918,"minecraft:stone_slab":6,"minecraft:iron_ingot":37,"minecraft:iron_pickaxe":2,"minecraft:stone_sword":22,"minecraft:gold_ingot":18,"minecraft:composter":1,"minecraft:shears":2,"minecraft:cherry_planks":200,"minecraft:redstone":20,"minecraft:stone_shovel":10,"minecraft:experience_bottle":19,"minecraft:furnace":4,"minecraft:bamboo_sign":6,"minecraft:bone_meal":93,"minecraft:scaffolding":12,"minecraft:iron_axe":3,"minecraft:ladder":24,"minecraft:spruce_slab":66,"minecraft:ender_pearl":13,"minecraft:stone_pickaxe":1,"minecraft:diamond_boots":1,"minecraft:spruce_boat":2,"minecraft:dark_oak_planks":68,"minecraft:minecart":2,"minecraft:cherry_fence_gate":4,"minecraft:wheat":270,"minecraft:cooked_beef":32,"minecraft:diamond_sword":1,"minecraft:enchanting_table":1,"minecraft:iron_sword":1,"minecraft:bowl":12,"minecraft:bucket":2,"minecraft:stone_axe":6,"minecraft:glowstone":8,"minecraft:enchanted_book":3,"minecraft:bread":90,"minecraft:air":0,"minecraft:jungle_planks":2612,"minecraft:bamboo_slab":48,"minecraft:oak_boat":1,"minecraft:golden_apple":1,"minecraft:flint":20,"minecraft:iron_leggings":1,"minecraft:white_bed":3,"minecraft:torch":244,"minecraft:lapis_lazuli":12,"minecraft:diamond_chestplate":1},"minecraft:dropped":{"minecraft:emerald":129,"minecraft:dirt":72,"minecraft:bone_meal":8,"minecraft:gravel":3,"minecraft:rotten_flesh":10,"minecraft:azure_bluet":2,"minecraft:carrot":3,"minecraft:spruce_slab":47,"minecraft:scaffolding":8,"minecraft:egg":1,"minecraft:iron_ingot":2,"minecraft:enchanted_book":1,"minecraft:water_bucket":1,"minecraft:bread":18,"minecraft:oak_slab":2,"minecraft:wheat_seeds":3,"minecraft:diamond_leggings":1,"minecraft:cobblestone":1,"minecraft:book":3,"minecraft:grass_block":1,"minecraft:oxeye_daisy":2,"minecraft:iron_leggings":1,"minecraft:bamboo_slab":1,"minecraft:bucket":1,"minecraft:stone_sword":1,"minecraft:suspicious_stew":3,"minecraft:bamboo_raft":1,"minecraft:stone":9,"minecraft:andesite":4,"minecraft:stone_pickaxe":1,"minecraft:wooden_pickaxe":1}},"DataVersion":3465}