{"stats":{"minecraft:broken":{"minecraft:stone_sword":11,"minecraft:shears":1,"minecraft:stone_hoe":1,"minecraft:diamond_shovel":1,"minecraft:stone_axe":3,"minecraft:iron_sword":1,"minecraft:iron_pickaxe":1,"minecraft:stone_shovel":8},"minecraft:picked_up":{"minecraft:cocoa_beans":10,"minecraft:crafting_table":7,"minecraft:azure_bluet":6,"minecraft:ladder":17,"minecraft:brown_mushroom":50,"minecraft:wooden_pickaxe":1,"minecraft:gold_block":1,"minecraft:brewing_stand":2,"minecraft:cornflower":9,"minecraft:pufferfish":1,"minecraft:cobbled_deepslate":177,"minecraft:bucket":1,"minecraft:spruce_planks":5,"minecraft:beef":86,"minecraft:cobblestone_slab":19,"minecraft:jungle_sapling":6,"minecraft:poppy":5,"minecraft:spruce_slab":2,"minecraft:minecart":2,"minecraft:sugar_cane":1435,"minecraft:chest":2,"minecraft:egg":7,"minecraft:dark_oak_sapling":8,"minecraft:stick":15,"minecraft:raw_iron":41,"minecraft:composter":1,"minecraft:torch":107,"minecraft:bowl":2,"minecraft:bamboo_slab":1,"minecraft:porkchop":1,"minecraft:cherry_log":16,"minecraft:pointed_dripstone":8,"minecraft:redstone":4,"minecraft:arrow":13,"minecraft:rotten_flesh":16,"minecraft:jungle_stairs":6,"minecraft:hay_block":94,"minecraft:obsidian":14,"minecraft:mutton":14,"minecraft:rail":6,"minecraft:white_wool":10,"minecraft:cobblestone":414,"minecraft:oxeye_daisy":67,"minecraft:enchanting_table":1,"minecraft:jungle_boat":4,"minecraft:cherry_planks":71,"minecraft:cherry_leaves":413,"minecraft:andesite":6,"minecraft:jungle_log":66,"minecraft:leather":55,"minecraft:red_mushroom":58,"minecraft:tuff":3,"minecraft:oak_log":6,"minecraft:yellow_bed":4,"minecraft:gunpowder":5,"minecraft:lapis_lazuli":14,"minecraft:wooden_hoe":1,"minecraft:cherry_door":3,"minecraft:dirt":4432,"minecraft:orange_terracotta":2,"minecraft:bone":16,"minecraft:apple":2,"minecraft:kelp":7,"minecraft:wheat_seeds":75,"minecraft:raw_gold":32,"minecraft:iron_ingot":22,"minecraft:grindstone":3,"minecraft:fletching_table":4,"minecraft:bamboo":10913,"minecraft:oak_planks":2,"minecraft:scaffolding":8,"minecraft:oak_slab":11,"minecraft:bamboo_planks":21,"minecraft:dandelion":64,"minecraft:gravel":4,"minecraft:bamboo_raft":3,"minecraft:jungle_planks":22,"minecraft:spruce_sapling":19,"minecraft:blast_furnace":1,"minecraft:white_bed":18,"minecraft:spruce_log":79,"minecraft:dark_oak_log":32,"minecraft:diamond":17,"minecraft:granite":13,"minecraft:bone_meal":16,"minecraft:cherry_sapling":2,"minecraft:golden_apple":1,"minecraft:oak_sapling":2,"minecraft:cherry_slab":1,"minecraft:coal":70},"minecraft:killed":{"minecraft:skeleton":2,"minecraft:horse":2,"minecraft:pig":1,"minecraft:iron_golem":1,"minecraft:bat":1,"minecraft:creeper":3,"minecraft:sheep":9,"minecraft:zombie":7,"minecraft:cow":43},"minecraft:mined":{"minecraft:tuff":3,"minecraft:spruce_planks":5,"minecraft:white_bed":13,"minecraft:dark_oak_leaves":126,"minecraft:deepslate_diamond_ore":16,"minecraft:cherry_log":16,"minecraft:jungle_leaves":31,"minecraft:dark_oak_log":32,"minecraft:brewing_stand":2,"minecraft:obsidian":14,"minecraft:ladder":1,"minecraft:granite":13,"minecraft:grass_block":2255,"minecraft:jungle_planks":22,"minecraft:jungle_log":69,"minecraft:brown_mushroom_block":93,"minecraft:spruce_leaves":23,"minecraft:composter":1,"minecraft:red_mushroom":7,"minecraft:oxeye_daisy":52,"minecraft:hay_block":94,"minecraft:iron_ore":33,"minecraft:andesite":6,"minecraft:deepslate_lapis_ore":2,"minecraft:fletching_table":4,"minecraft:gold_block":1,"minecraft:azure_bluet":1,"minecraft:enchanting_table":1,"minecraft:flowering_azalea_leaves":11,"minecraft:pointed_dripstone":6,"minecraft:dirt_path":2,"minecraft:vine":8,"minecraft:deepslate_iron_ore":8,"minecraft:cobblestone_slab":15,"minecraft:rail":6,"minecraft:bamboo_sapling":5,"minecraft:azalea_leaves":31,"minecraft:bamboo":919,"minecraft:stone":354,"minecraft:spruce_slab":2,"minecraft:bamboo_slab":1,"minecraft:podzol":5,"minecraft:deepslate_redstone_ore":1,"minecraft:oak_slab":11,"minecraft:brown_mushroom":7,"minecraft:scaffolding":7,"minecraft:cherry_planks":71,"minecraft:kelp_plant":1,"minecraft:orange_terracotta":2,"minecraft:dandelion":25,"minecraft:cornflower":4,"minecraft:crafting_table":7,"minecraft:torch":40,"minecraft:jungle_stairs":7,"minecraft:blast_furnace":1,"minecraft:poppy":1,"minecraft:chest":2,"minecraft:mushroom_stem":15,"minecraft:tall_grass":64,"minecraft:cobblestone":56,"minecraft:deepslate_gold_ore":32,"minecraft:oak_planks":2,"minecraft:grindstone":3,"minecraft:sugar_cane":934,"minecraft:wall_torch":13,"minecraft:cherry_slab":1,"minecraft:seagrass":1,"minecraft:bamboo_planks":21,"minecraft:spruce_log":79,"minecraft:cherry_door":3,"minecraft:yellow_bed":5,"minecraft:grass":310,"minecraft:coal_ore":58,"minecraft:oak_log":6,"minecraft:cherry_leaves":420,"minecraft:gravel":4,"minecraft:dirt":2221,"minecraft:cobweb":1,"minecraft:red_mushroom_block":132,"minecraft:oak_leaves":78,"minecraft:deepslate":144,"minecraft:fern":1},"minecraft:used":{"minecraft:stone_sword":774,"minecraft:enchanting_table":2,"minecraft:spruce_slab":51,"minecraft:stone_shovel":1191,"minecraft:ladder":37,"minecraft:bamboo_sign":4,"minecraft:chest":6,"minecraft:spruce_planks":5,"minecraft:shield":21,"minecraft:iron_sword":128,"minecraft:stone_hoe":138,"minecraft:rotten_flesh":2,"minecraft:torch":328,"minecraft:brewing_stand":2,"minecraft:dirt":995,"minecraft:jungle_planks":130,"minecraft:jungle_sapling":4,"minecraft:bamboo_raft":3,"minecraft:lava_bucket":2,"minecraft:bookshelf":16,"minecraft:cherry_slab":27,"minecraft:cherry_leaves":292,"minecraft:cherry_fence_gate":4,"minecraft:bamboo":478,"minecraft:bow":29,"minecraft:scaffolding":12,"minecraft:furnace":3,"minecraft:orange_terracotta":2,"minecraft:minecart":2,"minecraft:egg":4,"minecraft:pointed_dripstone":4,"minecraft:cooked_beef":3,"minecraft:cherry_log":2,"minecraft:bamboo_planks":94,"minecraft:water_bucket":207,"minecraft:cauldron":4,"minecraft:brown_mushroom":5,"minecraft:sugar_cane":423,"minecraft:stone_pickaxe":30,"minecraft:wooden_pickaxe":30,"minecraft:diamond_axe":120,"minecraft:composter":1,"minecraft:fletching_table":7,"minecraft:cherry_planks":121,"minecraft:cobblestone_slab":14,"minecraft:jungle_boat":5,"minecraft:white_wool":1,"minecraft:rail":6,"minecraft:red_mushroom":3,"minecraft:oak_slab":7,"minecraft:crafting_table":11,"minecraft:blast_furnace":1,"minecraft:white_bed":21,"minecraft:spruce_log":2,"minecraft:pumpkin_seeds":4,"minecraft:smoker":1,"minecraft:shears":417,"minecraft:oak_log":1,"minecraft:diamond_pickaxe":431,"minecraft:oxeye_daisy":2,"minecraft:diamond_shovel":3178,"minecraft:cherry_door":3,"minecraft:iron_pickaxe":305,"minecraft:suspicious_stew":13,"minecraft:bread":72,"minecraft:jungle_stairs":99,"minecraft:spruce_sapling":8,"minecraft:bamboo_slab":41,"minecraft:stone_axe":493,"minecraft:diamond_sword":107,"minecraft:cobblestone":146,"minecraft:grindstone":4,"minecraft:bucket":210,"minecraft:yellow_bed":4,"minecraft:bone_meal":36},"minecraft:custom":{"minecraft:mob_kills":70,"minecraft:interact_with_crafting_table":118,"minecraft:leave_game":9,"minecraft:time_since_death":565552,"minecraft:climb_one_cm":14951,"minecraft:sprint_one_cm":1820736,"minecraft:walk_one_cm":1773056,"minecraft:damage_blocked_by_shield":1560,"minecraft:drop":43,"minecraft:talked_to_villager":64,"minecraft:play_time":565552,"minecraft:sneak_time":18883,"minecraft:walk_under_water_one_cm":28592,"minecraft:boat_one_cm":310044,"minecraft:jump":7975,"minecraft:walk_on_water_one_cm":55832,"minecraft:enchant_item":4,"minecraft:total_world_time":565552,"minecraft:interact_with_furnace":45,"minecraft:traded_with_villager":169,"minecraft:interact_with_grindstone":2,"minecraft:sleep_in_bed":39,"minecraft:time_since_rest":39370,"minecraft:damage_taken":450,"minecraft:damage_dealt":8414,"minecraft:swim_one_cm":51766,"minecraft:fly_one_cm":1754711,"minecraft:open_chest":474,"minecraft:crouch_one_cm":52577,"minecraft:interact_with_smoker":5,"minecraft:fall_one_cm":78883},"minecraft:crafted":{"minecraft:cherry_planks":104,"minecraft:grindstone":3,"minecraft:oak_planks":12,"minecraft:stone_shovel":10,"minecraft:cherry_slab":36,"minecraft:furnace":4,"minecraft:bamboo_sign":6,"minecraft:stone":12,"minecraft:bone_meal":27,"minecraft:diamond_shovel":2,"minecraft:bookshelf":16,"minecraft:suspicious_stew":16,"minecraft:scaffolding":12,"minecraft:bamboo_block":458,"minecraft:bow":7,"minecraft:iron_boots":1,"minecraft:ladder":24,"minecraft:spruce_slab":66,"minecraft:stone_pickaxe":1,"minecraft:chest":4,"minecraft:diamond_boots":1,"minecraft:jungle_stairs":96,"minecraft:dark_oak_planks":68,"minecraft:stone_hoe":1,"minecraft:cherry_fence_gate":4,"minecraft:wheat":270,"minecraft:minecart":1,"minecraft:smoker":1,"minecraft:cooked_beef":19,"minecraft:oak_slab":6,"minecraft:diamond_sword":1,"minecraft:arrow":64,"minecraft:emerald":156,"minecraft:diamond_axe":1,"minecraft:crafting_table":4,"minecraft:spruce_planks":100,"minecraft:enchanting_table":1,"minecraft:jungle_boat":1,"minecraft:iron_helmet":1,"minecraft:wooden_pickaxe":2,"minecraft:iron_sword":1,"minecraft:bowl":12,"minecraft:fletching_table":3,"minecraft:bucket":2,"minecraft:stone_axe":6,"minecraft:bread":90,"minecraft:air":0,"minecraft:jungle_planks":304,"minecraft:bamboo_slab":48,"minecraft:bamboo_planks":846,"minecraft:book":50,"minecraft:iron_chestplate":1,"minecraft:golden_apple":1,"minecraft:paper":186,"minecraft:charcoal":43,"minecraft:diamond_pickaxe":1,"minecraft:shield":1,"minecraft:stick":5062,"minecraft:stone_slab":6,"minecraft:flint":20,"minecraft:iron_ingot":37,"minecraft:iron_pickaxe":2,"minecraft:stone_sword":13,"minecraft:gold_ingot":18,"minecraft:iron_leggings":1,"minecraft:white_bed":3,"minecraft:composter":1,"minecraft:torch":244,"minecraft:shears":2,"minecraft:diamond_chestplate":1},"minecraft:dropped":{"minecraft:iron_ingot":2,"minecraft:water_bucket":1,"minecraft:bread":18,"minecraft:wheat_seeds":1,"minecraft:cobblestone":1,"minecraft:oxeye_daisy":2,"minecraft:dirt":65,"minecraft:bone_meal":8,"minecraft:bucket":1,"minecraft:gravel":3,"minecraft:rotten_flesh":10,"minecraft:azure_bluet":2,"minecraft:suspicious_stew":3,"minecraft:bamboo_raft":1,"minecraft:stone":9,"minecraft:andesite":4,"minecraft:stone_pickaxe":1,"minecraft:wooden_pickaxe":1,"minecraft:egg":1}},"DataVersion":3465}