{"stats":{"minecraft:broken":{"minecraft:stone_axe":2,"minecraft:iron_sword":2,"minecraft:stone_shovel":2,"minecraft:stone_sword":21,"minecraft:iron_pickaxe":2},"minecraft:picked_up":{"minecraft:wheat":2,"minecraft:suspicious_stew":4,"minecraft:nether_brick_fence":5,"minecraft:anvil":1,"minecraft:smithing_table":2,"minecraft:potion":1,"minecraft:brewing_stand":1,"minecraft:amethyst_block":15,"minecraft:string":6,"minecraft:soul_soil":50,"minecraft:pufferfish":1,"minecraft:diamond_leggings":1,"minecraft:cobbled_deepslate":315,"minecraft:spruce_planks":1,"minecraft:cobblestone_slab":1,"minecraft:iron_boots":10,"minecraft:golden_helmet":1,"minecraft:stick":37,"minecraft:torch":38,"minecraft:porkchop":26,"minecraft:cherry_log":166,"minecraft:cauldron":16,"minecraft:bamboo_block":28,"minecraft:rotten_flesh":6,"minecraft:tropical_fish":1,"minecraft:blaze_rod":4,"minecraft:cobblestone":290,"minecraft:magma_cream":3,"minecraft:cherry_planks":21,"minecraft:jungle_log":38,"minecraft:andesite":15,"minecraft:potato":4,"minecraft:flint":9,"minecraft:tuff":24,"minecraft:dirt":523,"minecraft:lapis_lazuli":47,"minecraft:glass":1,"minecraft:bone":23,"minecraft:bow":1,"minecraft:wheat_seeds":133,"minecraft:raw_gold":74,"minecraft:grindstone":1,"minecraft:glowstone_dust":32,"minecraft:fletching_table":2,"minecraft:bamboo":20318,"minecraft:jungle_planks":17,"minecraft:bamboo_raft":13,"minecraft:sand":55,"minecraft:grass_block":1,"minecraft:diamond":25,"minecraft:granite":18,"minecraft:golden_apple":1,"minecraft:emerald":161,"minecraft:bread":18,"minecraft:dark_oak_fence":2,"minecraft:oak_sapling":4,"minecraft:cherry_slab":5,"minecraft:netherrack":202,"minecraft:cocoa_beans":18,"minecraft:crafting_table":11,"minecraft:azure_bluet":13,"minecraft:nether_wart":49,"minecraft:brown_mushroom":46,"minecraft:gold_block":2,"minecraft:cornflower":8,"minecraft:beef":1,"minecraft:jungle_sapling":1,"minecraft:lectern":118,"minecraft:poppy":10,"minecraft:spruce_slab":12,"minecraft:minecart":13,"minecraft:sugar_cane":1986,"minecraft:chest":5,"minecraft:phantom_membrane":3,"minecraft:diamond_hoe":5,"minecraft:egg":6,"minecraft:raw_iron":66,"minecraft:stone":9,"minecraft:carrot":392,"minecraft:stone_shovel":10,"minecraft:arrow":13,"minecraft:jungle_stairs":2,"minecraft:nether_bricks":61,"minecraft:hay_block":230,"minecraft:saddle":2,"minecraft:gold_ingot":9,"minecraft:bone_block":320,"minecraft:rail":5,"minecraft:oxeye_daisy":44,"minecraft:golden_carrot":6,"minecraft:leather":10,"minecraft:red_mushroom":22,"minecraft:oak_log":148,"minecraft:golden_boots":1,"minecraft:yellow_bed":12,"minecraft:gunpowder":9,"minecraft:paper":36,"minecraft:apple":8,"minecraft:kelp":9,"minecraft:iron_ingot":20,"minecraft:soul_sand":129,"minecraft:book":15,"minecraft:oak_slab":178,"minecraft:warped_fungus":2,"minecraft:bamboo_planks":29,"minecraft:quartz":44,"minecraft:dandelion":45,"minecraft:gravel":94,"minecraft:amethyst_shard":153,"minecraft:spruce_sapling":11,"minecraft:white_bed":8,"minecraft:spruce_log":215,"minecraft:spider_eye":1,"minecraft:cherry_sapling":23,"minecraft:coal":34},"minecraft:killed":{"minecraft:spider":3,"minecraft:skeleton":21,"minecraft:magma_cube":27,"minecraft:piglin":10,"minecraft:pig":5,"minecraft:zombie_villager":1,"minecraft:iron_golem":5,"minecraft:strider":1,"minecraft:creeper":9,"minecraft:pillager":2,"minecraft:zombie":11,"minecraft:ghast":3,"minecraft:blaze":8,"minecraft:cow":2,"minecraft:phantom":1,"minecraft:hoglin":4,"minecraft:wither_skeleton":4,"minecraft:enderman":1},"minecraft:mined":{"minecraft:spruce_planks":1,"minecraft:white_bed":10,"minecraft:cherry_log":166,"minecraft:brewing_stand":1,"minecraft:granite":11,"minecraft:grass_block":439,"minecraft:jungle_log":21,"minecraft:soul_soil":50,"minecraft:bamboo_block":28,"minecraft:nether_wart":8,"minecraft:oxeye_daisy":13,"minecraft:spawner":2,"minecraft:glowstone":9,"minecraft:iron_ore":28,"minecraft:cobbled_deepslate":8,"minecraft:fire":8,"minecraft:fletching_table":2,"minecraft:deepslate_lapis_ore":9,"minecraft:anvil":1,"minecraft:azure_bluet":11,"minecraft:spruce_slab":9,"minecraft:brown_mushroom":4,"minecraft:kelp_plant":1,"minecraft:crimson_nylium":5,"minecraft:soul_fire":8,"minecraft:amethyst_cluster":17,"minecraft:torch":21,"minecraft:jungle_stairs":2,"minecraft:calcite":2,"minecraft:poppy":7,"minecraft:chest":4,"minecraft:mushroom_stem":20,"minecraft:glass":3,"minecraft:nether_quartz_ore":20,"minecraft:cobblestone":50,"minecraft:grindstone":1,"minecraft:sugar_cane":710,"minecraft:wall_torch":5,"minecraft:cherry_slab":5,"minecraft:amethyst_block":19,"minecraft:cauldron":16,"minecraft:bamboo_planks":32,"minecraft:wheat":21,"minecraft:warped_fungus":2,"minecraft:grass":632,"minecraft:oak_log":148,"minecraft:sand":58,"minecraft:dirt":87,"minecraft:smooth_basalt":9,"minecraft:red_mushroom_block":45,"minecraft:netherrack":223,"minecraft:oak_leaves":20,"minecraft:deepslate":379,"minecraft:tuff":24,"minecraft:deepslate_diamond_ore":26,"minecraft:nether_bricks":66,"minecraft:dark_oak_fence":2,"minecraft:jungle_planks":5,"minecraft:brown_mushroom_block":135,"minecraft:spruce_leaves":13,"minecraft:red_mushroom":2,"minecraft:kelp":1,"minecraft:hay_block":117,"minecraft:oak_trapdoor":2,"minecraft:furnace":1,"minecraft:carrots":80,"minecraft:andesite":13,"minecraft:gold_block":1,"minecraft:nether_brick_fence":5,"minecraft:bookshelf":4,"minecraft:potatoes":2,"minecraft:deepslate_iron_ore":39,"minecraft:cobblestone_slab":1,"minecraft:vine":3,"minecraft:rail":5,"minecraft:bamboo_sapling":20,"minecraft:bamboo":1920,"minecraft:stone":253,"minecraft:bone_block":163,"minecraft:smithing_table":2,"minecraft:oak_slab":122,"minecraft:glass_pane":1,"minecraft:cherry_planks":22,"minecraft:soul_sand":128,"minecraft:dandelion":45,"minecraft:crafting_table":13,"minecraft:cornflower":7,"minecraft:campfire":4,"minecraft:lectern":119,"minecraft:tall_grass":119,"minecraft:deepslate_gold_ore":66,"minecraft:diorite":24,"minecraft:spruce_log":216,"minecraft:yellow_bed":13,"minecraft:coal_ore":20,"minecraft:cherry_leaves":21,"minecraft:gravel":65,"minecraft:gold_ore":8,"minecraft:fern":6},"minecraft:used":{"minecraft:nether_brick_fence":1,"minecraft:cherry_sapling":23,"minecraft:spruce_slab":14,"minecraft:poppy":4,"minecraft:chest":16,"minecraft:shield":78,"minecraft:iron_sword":263,"minecraft:iron_chestplate":1,"minecraft:soul_campfire":4,"minecraft:soul_sand":75,"minecraft:jungle_planks":4,"minecraft:nether_bricks":6,"minecraft:carrot":76,"minecraft:tuff":2,"minecraft:obsidian":10,"minecraft:glass":89,"minecraft:lava_bucket":3,"minecraft:grass_block":1,"minecraft:iron_helmet":1,"minecraft:bow":162,"minecraft:furnace":2,"minecraft:oak_sapling":1,"minecraft:egg":5,"minecraft:bamboo_trapdoor":5,"minecraft:diamond_boots":2,"minecraft:warped_fungus_on_a_stick":8,"minecraft:stone_pickaxe":57,"minecraft:wooden_pickaxe":17,"minecraft:diamond_axe":839,"minecraft:sugar_cane":85,"minecraft:golden_apple":2,"minecraft:sand":1,"minecraft:mushroom_stew":1,"minecraft:crossbow":4,"minecraft:bread":68,"minecraft:lectern":122,"minecraft:gravel":25,"minecraft:diamond_sword":491,"minecraft:grindstone":1,"minecraft:dark_oak_fence":2,"minecraft:smithing_table":3,"minecraft:air":1,"minecraft:bone_meal":360,"minecraft:stone_sword":1399,"minecraft:flint_and_steel":7,"minecraft:tropical_fish":1,"minecraft:stone_shovel":395,"minecraft:spruce_planks":3,"minecraft:stone_hoe":152,"minecraft:bamboo_door":3,"minecraft:netherrack":190,"minecraft:torch":351,"minecraft:brewing_stand":3,"minecraft:dirt":412,"minecraft:anvil":2,"minecraft:diamond_helmet":4,"minecraft:bamboo_raft":14,"minecraft:bamboo_fence":3,"minecraft:bookshelf":3,"minecraft:iron_axe":4,"minecraft:cherry_slab":67,"minecraft:jungle_log":2,"minecraft:cherry_fence_gate":2,"minecraft:bamboo":1602,"minecraft:diamond_chestplate":3,"minecraft:glowstone":9,"minecraft:soul_soil":42,"minecraft:goat_horn":3,"minecraft:minecart":12,"minecraft:cobbled_deepslate":147,"minecraft:cherry_log":30,"minecraft:bamboo_planks":28,"minecraft:iron_leggings":1,"minecraft:water_bucket":39,"minecraft:glass_bottle":16,"minecraft:brown_mushroom":4,"minecraft:cherry_planks":127,"minecraft:cauldron":12,"minecraft:fletching_table":4,"minecraft:cobblestone_slab":3,"minecraft:rail":26,"minecraft:oak_slab":457,"minecraft:crafting_table":19,"minecraft:red_mushroom":2,"minecraft:bamboo_block":56,"minecraft:white_bed":10,"minecraft:spruce_log":6,"minecraft:bamboo_fence_gate":3,"minecraft:diamond_pickaxe":1078,"minecraft:oxeye_daisy":1,"minecraft:diamond_shovel":495,"minecraft:suspicious_stew":46,"minecraft:iron_pickaxe":498,"minecraft:bamboo_slab":2,"minecraft:spruce_sapling":16,"minecraft:stone_axe":307,"minecraft:cobblestone":126,"minecraft:potion":1,"minecraft:jungle_door":3,"minecraft:bucket":45,"minecraft:yellow_bed":12,"minecraft:kelp":1,"minecraft:dandelion":2,"minecraft:diamond_leggings":3},"minecraft:custom":{"minecraft:interact_with_crafting_table":117,"minecraft:leave_game":9,"minecraft:time_since_death":552909,"minecraft:sprint_one_cm":1944449,"minecraft:damage_blocked_by_shield":6015,"minecraft:drop":153,"minecraft:talked_to_villager":384,"minecraft:play_time":552909,"minecraft:jump":11596,"minecraft:interact_with_brewingstand":13,"minecraft:walk_on_water_one_cm":47708,"minecraft:enchant_item":6,"minecraft:interact_with_furnace":47,"minecraft:traded_with_villager":773,"minecraft:sleep_in_bed":31,"minecraft:damage_dealt":15998,"minecraft:crouch_one_cm":95902,"minecraft:interact_with_smoker":1,"minecraft:use_cauldron":2,"minecraft:mob_kills":120,"minecraft:interact_with_anvil":10,"minecraft:climb_one_cm":38552,"minecraft:walk_one_cm":1369625,"minecraft:strider_one_cm":441136,"minecraft:sneak_time":38341,"minecraft:walk_under_water_one_cm":42170,"minecraft:boat_one_cm":240689,"minecraft:interact_with_blast_furnace":5,"minecraft:total_world_time":552909,"minecraft:interact_with_grindstone":3,"minecraft:time_since_rest":2940,"minecraft:damage_absorbed":60,"minecraft:damage_taken":1154,"minecraft:minecart_one_cm":256,"minecraft:swim_one_cm":222552,"minecraft:fly_one_cm":2646190,"minecraft:open_chest":799,"minecraft:fall_one_cm":139823},"minecraft:crafted":{"minecraft:oak_planks":312,"minecraft:smooth_stone":5,"minecraft:cobblestone_slab":6,"minecraft:cherry_slab":66,"minecraft:blaze_powder":2,"minecraft:stone":5,"minecraft:diamond_shovel":1,"minecraft:bookshelf":7,"minecraft:bamboo_door":3,"minecraft:suspicious_stew":47,"minecraft:bamboo_block":1781,"minecraft:glass":112,"minecraft:iron_boots":10,"minecraft:diamond_helmet":2,"minecraft:bow":2,"minecraft:diamond_leggings":2,"minecraft:bamboo_fence_gate":3,"minecraft:chest":12,"minecraft:rail":32,"minecraft:stone_hoe":1,"minecraft:name_tag":1,"minecraft:bamboo_raft":4,"minecraft:glass_bottle":15,"minecraft:oak_slab":384,"minecraft:arrow":128,"minecraft:emerald":640,"minecraft:soul_campfire":4,"minecraft:diamond_axe":1,"minecraft:crafting_table":7,"minecraft:spruce_planks":796,"minecraft:wooden_pickaxe":2,"minecraft:iron_helmet":1,"minecraft:smithing_table":1,"minecraft:fletching_table":2,"minecraft:brewing_stand":3,"minecraft:apple":52,"minecraft:bamboo_planks":4118,"minecraft:lectern":4,"minecraft:diamond_pickaxe":2,"minecraft:iron_chestplate":1,"minecraft:paper":1809,"minecraft:charcoal":51,"minecraft:shield":3,"minecraft:stick":10748,"minecraft:iron_ingot":66,"minecraft:iron_pickaxe":1,"minecraft:iron_block":3,"minecraft:stone_sword":18,"minecraft:gold_ingot":115,"minecraft:cherry_planks":164,"minecraft:cookie":144,"minecraft:stone_shovel":14,"minecraft:fishing_rod":2,"minecraft:diamond_hoe":5,"minecraft:bamboo_fence":3,"minecraft:furnace":3,"minecraft:blast_furnace":1,"minecraft:mushroom_stew":1,"minecraft:bone_meal":414,"minecraft:flint_and_steel":2,"minecraft:iron_axe":1,"minecraft:spruce_slab":18,"minecraft:ender_pearl":4,"minecraft:stone_pickaxe":1,"minecraft:diamond_boots":1,"minecraft:glistering_melon_slice":9,"minecraft:cherry_fence_gate":2,"minecraft:minecart":1,"minecraft:wheat":459,"minecraft:cooked_beef":64,"minecraft:diamond_sword":1,"minecraft:iron_sword":1,"minecraft:bowl":16,"minecraft:stone_axe":4,"minecraft:glowstone":1,"minecraft:enchanted_book":12,"minecraft:bread":213,"minecraft:air":0,"minecraft:jungle_planks":52,"minecraft:bamboo_slab":6,"minecraft:jungle_door":3,"minecraft:golden_apple":16,"minecraft:warped_fungus_on_a_stick":2,"minecraft:anvil":1,"minecraft:torch":304,"minecraft:bamboo_trapdoor":6,"minecraft:diamond_chestplate":1},"minecraft:dropped":{"minecraft:soul_sand":2,"minecraft:brown_mushroom":13,"minecraft:lapis_lazuli":1,"minecraft:warped_fungus_on_a_stick":1,"minecraft:leather":2,"minecraft:saddle":1,"minecraft:red_mushroom":13,"minecraft:flint":6,"minecraft:gold_block":1,"minecraft:dirt":4,"minecraft:jungle_sapling":1,"minecraft:bone_block":160,"minecraft:sand":4,"minecraft:bone":10,"minecraft:gravel":48,"minecraft:cobbled_deepslate":4,"minecraft:rotten_flesh":6,"minecraft:nether_brick_fence":4,"minecraft:carrot":314,"minecraft:poppy":1,"minecraft:gunpowder":3,"minecraft:chest":1,"minecraft:glass":1,"minecraft:egg":1,"minecraft:enchanted_book":4,"minecraft:stone_hoe":1,"minecraft:bread":10,"minecraft:wheat_seeds":37,"minecraft:golden_helmet":1,"minecraft:diamond_leggings":2,"minecraft:cobblestone":5,"minecraft:granite":12,"minecraft:coal":12,"minecraft:golden_apple":10,"minecraft:stick":9,"minecraft:oxeye_daisy":13,"minecraft:diamond_helmet":1,"minecraft:fire_charge":2,"minecraft:iron_leggings":1,"minecraft:paper":26,"minecraft:string":4,"minecraft:dandelion":11,"minecraft:kelp":1,"minecraft:bowl":1,"minecraft:tuff":22,"minecraft:diamond_hoe":5,"minecraft:stone_shovel":10,"minecraft:iron_boots":21,"minecraft:cherry_slab":1,"minecraft:nether_bricks":54,"minecraft:suspicious_stew":5,"minecraft:flint_and_steel":1,"minecraft:filled_map":1,"minecraft:cobblestone_slab":4,"minecraft:diamond_pickaxe":1,"minecraft:iron_chestplate":1,"minecraft:andesite":15,"minecraft:oak_sapling":1,"minecraft:spider_eye":1,"minecraft:bow":2,"minecraft:wooden_pickaxe":1}},"DataVersion":3465}