{"stats":{"minecraft:broken":{"minecraft:stone_axe":2,"minecraft:iron_sword":2,"minecraft:stone_shovel":2,"minecraft:stone_sword":14,"minecraft:iron_pickaxe":2},"minecraft:picked_up":{"minecraft:anvil":1,"minecraft:smithing_table":2,"minecraft:potion":1,"minecraft:brewing_stand":1,"minecraft:pufferfish":1,"minecraft:cobbled_deepslate":315,"minecraft:spruce_planks":1,"minecraft:cobblestone_slab":1,"minecraft:stick":10,"minecraft:torch":26,"minecraft:porkchop":19,"minecraft:cauldron":16,"minecraft:rotten_flesh":5,"minecraft:tropical_fish":1,"minecraft:cobblestone":285,"minecraft:jungle_log":31,"minecraft:andesite":15,"minecraft:potato":4,"minecraft:flint":8,"minecraft:tuff":24,"minecraft:dirt":285,"minecraft:lapis_lazuli":47,"minecraft:bone":8,"minecraft:wheat_seeds":113,"minecraft:raw_gold":74,"minecraft:grindstone":1,"minecraft:fletching_table":2,"minecraft:bamboo":12258,"minecraft:jungle_planks":17,"minecraft:bamboo_raft":13,"minecraft:sand":54,"minecraft:grass_block":1,"minecraft:diamond":25,"minecraft:granite":18,"minecraft:golden_apple":1,"minecraft:emerald":59,"minecraft:bread":18,"minecraft:oak_sapling":4,"minecraft:cherry_slab":3,"minecraft:cocoa_beans":18,"minecraft:crafting_table":11,"minecraft:azure_bluet":13,"minecraft:brown_mushroom":11,"minecraft:gold_block":1,"minecraft:cornflower":8,"minecraft:beef":1,"minecraft:jungle_sapling":1,"minecraft:minecart":10,"minecraft:poppy":9,"minecraft:spruce_slab":1,"minecraft:lectern":118,"minecraft:sugar_cane":1397,"minecraft:chest":5,"minecraft:diamond_hoe":5,"minecraft:egg":4,"minecraft:raw_iron":66,"minecraft:stone":9,"minecraft:carrot":19,"minecraft:stone_shovel":10,"minecraft:arrow":4,"minecraft:jungle_stairs":2,"minecraft:hay_block":230,"minecraft:saddle":1,"minecraft:gold_ingot":9,"minecraft:rail":5,"minecraft:oxeye_daisy":8,"minecraft:golden_carrot":6,"minecraft:leather":8,"minecraft:oak_log":148,"minecraft:golden_boots":1,"minecraft:yellow_bed":12,"minecraft:gunpowder":3,"minecraft:paper":36,"minecraft:apple":8,"minecraft:kelp":9,"minecraft:iron_ingot":19,"minecraft:book":6,"minecraft:oak_slab":102,"minecraft:bamboo_planks":15,"minecraft:dandelion":39,"minecraft:gravel":93,"minecraft:spruce_sapling":4,"minecraft:white_bed":8,"minecraft:spruce_log":73,"minecraft:coal":31},"minecraft:killed":{"minecraft:spider":2,"minecraft:skeleton":7,"minecraft:pig":4,"minecraft:iron_golem":5,"minecraft:creeper":8,"minecraft:zombie":9,"minecraft:cow":1,"minecraft:enderman":1},"minecraft:mined":{"minecraft:spruce_planks":1,"minecraft:white_bed":9,"minecraft:brewing_stand":1,"minecraft:granite":11,"minecraft:grass_block":241,"minecraft:jungle_log":21,"minecraft:oxeye_daisy":5,"minecraft:spawner":1,"minecraft:cobbled_deepslate":8,"minecraft:iron_ore":28,"minecraft:fire":6,"minecraft:fletching_table":2,"minecraft:deepslate_lapis_ore":9,"minecraft:anvil":1,"minecraft:azure_bluet":11,"minecraft:spruce_slab":1,"minecraft:brown_mushroom":4,"minecraft:kelp_plant":1,"minecraft:torch":12,"minecraft:jungle_stairs":2,"minecraft:calcite":1,"minecraft:poppy":6,"minecraft:chest":4,"minecraft:cobblestone":47,"minecraft:grindstone":1,"minecraft:sugar_cane":415,"minecraft:wall_torch":4,"minecraft:cherry_slab":3,"minecraft:amethyst_block":2,"minecraft:cauldron":16,"minecraft:bamboo_planks":18,"minecraft:wheat":19,"minecraft:grass":567,"minecraft:oak_log":148,"minecraft:sand":57,"minecraft:dirt":49,"minecraft:smooth_basalt":9,"minecraft:oak_leaves":15,"minecraft:deepslate":379,"minecraft:tuff":24,"minecraft:deepslate_diamond_ore":26,"minecraft:jungle_planks":5,"minecraft:spruce_leaves":10,"minecraft:kelp":1,"minecraft:hay_block":117,"minecraft:oak_trapdoor":2,"minecraft:furnace":1,"minecraft:carrots":6,"minecraft:andesite":13,"minecraft:bookshelf":1,"minecraft:potatoes":2,"minecraft:deepslate_iron_ore":39,"minecraft:cobblestone_slab":1,"minecraft:vine":3,"minecraft:rail":5,"minecraft:bamboo_sapling":17,"minecraft:bamboo":1282,"minecraft:stone":251,"minecraft:smithing_table":2,"minecraft:oak_slab":62,"minecraft:glass_pane":1,"minecraft:dandelion":39,"minecraft:crafting_table":13,"minecraft:cornflower":7,"minecraft:lectern":119,"minecraft:tall_grass":112,"minecraft:deepslate_gold_ore":66,"minecraft:diorite":24,"minecraft:spruce_log":74,"minecraft:yellow_bed":12,"minecraft:coal_ore":20,"minecraft:gravel":60,"minecraft:gold_ore":8,"minecraft:fern":6},"minecraft:used":{"minecraft:spruce_slab":3,"minecraft:poppy":3,"minecraft:chest":16,"minecraft:shield":26,"minecraft:iron_sword":263,"minecraft:iron_chestplate":1,"minecraft:jungle_planks":4,"minecraft:tuff":2,"minecraft:glass":4,"minecraft:lava_bucket":1,"minecraft:grass_block":1,"minecraft:iron_helmet":1,"minecraft:bow":48,"minecraft:furnace":2,"minecraft:oak_sapling":1,"minecraft:egg":4,"minecraft:bamboo_trapdoor":5,"minecraft:stone_pickaxe":57,"minecraft:wooden_pickaxe":17,"minecraft:diamond_axe":250,"minecraft:sugar_cane":85,"minecraft:mushroom_stew":1,"minecraft:bread":44,"minecraft:lectern":122,"minecraft:gravel":25,"minecraft:diamond_sword":196,"minecraft:grindstone":1,"minecraft:smithing_table":3,"minecraft:stone_sword":920,"minecraft:flint_and_steel":6,"minecraft:tropical_fish":1,"minecraft:stone_shovel":395,"minecraft:spruce_planks":1,"minecraft:stone_hoe":152,"minecraft:bamboo_door":3,"minecraft:torch":314,"minecraft:dirt":100,"minecraft:anvil":2,"minecraft:diamond_helmet":1,"minecraft:bamboo_raft":14,"minecraft:bamboo_fence":3,"minecraft:iron_axe":4,"minecraft:cherry_slab":2,"minecraft:jungle_log":2,"minecraft:bamboo":916,"minecraft:diamond_chestplate":2,"minecraft:minecart":10,"minecraft:cobbled_deepslate":147,"minecraft:bamboo_planks":17,"minecraft:iron_leggings":1,"minecraft:water_bucket":37,"minecraft:cauldron":12,"minecraft:fletching_table":4,"minecraft:cobblestone_slab":3,"minecraft:rail":26,"minecraft:crafting_table":17,"minecraft:oak_slab":388,"minecraft:white_bed":10,"minecraft:spruce_log":2,"minecraft:bamboo_fence_gate":3,"minecraft:diamond_pickaxe":453,"minecraft:diamond_shovel":1,"minecraft:suspicious_stew":20,"minecraft:iron_pickaxe":498,"minecraft:spruce_sapling":4,"minecraft:bamboo_slab":2,"minecraft:stone_axe":307,"minecraft:cobblestone":104,"minecraft:jungle_door":3,"minecraft:bucket":41,"minecraft:yellow_bed":12,"minecraft:kelp":1,"minecraft:dandelion":2,"minecraft:diamond_leggings":1},"minecraft:custom":{"minecraft:interact_with_crafting_table":84,"minecraft:leave_game":7,"minecraft:time_since_death":329449,"minecraft:sprint_one_cm":1230809,"minecraft:damage_blocked_by_shield":2055,"minecraft:drop":70,"minecraft:talked_to_villager":247,"minecraft:play_time":329449,"minecraft:jump":6820,"minecraft:walk_on_water_one_cm":33735,"minecraft:enchant_item":2,"minecraft:interact_with_furnace":46,"minecraft:traded_with_villager":331,"minecraft:sleep_in_bed":22,"minecraft:damage_dealt":8087,"minecraft:crouch_one_cm":66497,"minecraft:mob_kills":37,"minecraft:interact_with_anvil":2,"minecraft:climb_one_cm":24051,"minecraft:walk_one_cm":781647,"minecraft:sneak_time":28116,"minecraft:walk_under_water_one_cm":32064,"minecraft:boat_one_cm":240689,"minecraft:interact_with_blast_furnace":1,"minecraft:total_world_time":329449,"minecraft:interact_with_grindstone":1,"minecraft:time_since_rest":7705,"minecraft:damage_taken":514,"minecraft:swim_one_cm":109733,"minecraft:fly_one_cm":1500113,"minecraft:open_chest":478,"minecraft:fall_one_cm":80876},"minecraft:crafted":{"minecraft:oak_planks":312,"minecraft:smooth_stone":5,"minecraft:cobblestone_slab":6,"minecraft:stone":5,"minecraft:diamond_shovel":1,"minecraft:bookshelf":4,"minecraft:bamboo_door":3,"minecraft:suspicious_stew":20,"minecraft:bamboo_block":969,"minecraft:glass":8,"minecraft:diamond_helmet":1,"minecraft:bow":2,"minecraft:diamond_leggings":1,"minecraft:bamboo_fence_gate":3,"minecraft:chest":12,"minecraft:rail":32,"minecraft:stone_hoe":1,"minecraft:bamboo_raft":4,"minecraft:oak_slab":384,"minecraft:arrow":128,"minecraft:emerald":296,"minecraft:diamond_axe":1,"minecraft:crafting_table":5,"minecraft:spruce_planks":280,"minecraft:wooden_pickaxe":2,"minecraft:iron_helmet":1,"minecraft:smithing_table":1,"minecraft:fletching_table":2,"minecraft:bamboo_planks":2566,"minecraft:lectern":4,"minecraft:diamond_pickaxe":2,"minecraft:iron_chestplate":1,"minecraft:paper":1212,"minecraft:charcoal":51,"minecraft:shield":1,"minecraft:stick":6611,"minecraft:iron_ingot":66,"minecraft:iron_pickaxe":1,"minecraft:iron_block":3,"minecraft:stone_sword":10,"minecraft:gold_ingot":64,"minecraft:stone_shovel":14,"minecraft:diamond_hoe":5,"minecraft:bamboo_fence":3,"minecraft:furnace":3,"minecraft:blast_furnace":1,"minecraft:mushroom_stew":1,"minecraft:bone_meal":54,"minecraft:flint_and_steel":1,"minecraft:iron_axe":1,"minecraft:spruce_slab":18,"minecraft:stone_pickaxe":1,"minecraft:minecart":1,"minecraft:wheat":171,"minecraft:diamond_sword":1,"minecraft:iron_sword":1,"minecraft:bowl":16,"minecraft:stone_axe":4,"minecraft:enchanted_book":3,"minecraft:bread":57,"minecraft:air":0,"minecraft:jungle_planks":52,"minecraft:bamboo_slab":6,"minecraft:jungle_door":3,"minecraft:golden_apple":2,"minecraft:anvil":1,"minecraft:torch":280,"minecraft:bamboo_trapdoor":6,"minecraft:diamond_chestplate":1},"minecraft:dropped":{"minecraft:brown_mushroom":13,"minecraft:lapis_lazuli":1,"minecraft:red_mushroom":13,"minecraft:flint":6,"minecraft:gold_block":1,"minecraft:dirt":2,"minecraft:jungle_sapling":1,"minecraft:sand":4,"minecraft:gravel":47,"minecraft:cobbled_deepslate":4,"minecraft:rotten_flesh":5,"minecraft:poppy":1,"minecraft:gunpowder":3,"minecraft:chest":1,"minecraft:stone_hoe":1,"minecraft:wheat_seeds":24,"minecraft:cobblestone":3,"minecraft:granite":12,"minecraft:coal":12,"minecraft:golden_apple":1,"minecraft:stick":7,"minecraft:oxeye_daisy":13,"minecraft:fire_charge":2,"minecraft:iron_leggings":1,"minecraft:dandelion":5,"minecraft:kelp":1,"minecraft:tuff":22,"minecraft:diamond_hoe":5,"minecraft:stone_shovel":10,"minecraft:cherry_slab":1,"minecraft:flint_and_steel":1,"minecraft:filled_map":1,"minecraft:cobblestone_slab":4,"minecraft:iron_chestplate":1,"minecraft:diamond_pickaxe":1,"minecraft:andesite":15,"minecraft:oak_sapling":1,"minecraft:bow":1,"minecraft:wooden_pickaxe":1}},"DataVersion":3465}