{"stats":{"minecraft:mined":{"minecraft:dark_oak_planks":15,"minecraft:spruce_planks":1,"minecraft:white_bed":12,"minecraft:cherry_log":166,"minecraft:brewing_stand":1,"minecraft:granite":21,"minecraft:chiseled_polished_blackstone":9,"minecraft:grass_block":473,"minecraft:jungle_log":21,"minecraft:cracked_polished_blackstone_bricks":47,"minecraft:soul_soil":85,"minecraft:bamboo_block":28,"minecraft:oxeye_daisy":14,"minecraft:nether_wart":8,"minecraft:gilded_blackstone":6,"minecraft:spawner":3,"minecraft:polished_blackstone_bricks":91,"minecraft:glowstone":9,"minecraft:iron_ore":28,"minecraft:cobbled_deepslate":8,"minecraft:fire":31,"minecraft:anvil":1,"minecraft:deepslate_lapis_ore":9,"minecraft:fletching_table":2,"minecraft:azure_bluet":11,"minecraft:iron_bars":2,"minecraft:spruce_slab":9,"minecraft:brown_mushroom":4,"minecraft:blackstone":42,"minecraft:kelp_plant":1,"minecraft:soul_fire":8,"minecraft:crimson_nylium":5,"minecraft:amethyst_cluster":17,"minecraft:torch":21,"minecraft:jungle_stairs":2,"minecraft:calcite":2,"minecraft:poppy":7,"minecraft:chest":5,"minecraft:mushroom_stem":20,"minecraft:glass":3,"minecraft:nether_quartz_ore":59,"minecraft:cobblestone":67,"minecraft:sugar_cane":1296,"minecraft:grindstone":1,"minecraft:iron_door":5,"minecraft:wall_torch":5,"minecraft:cherry_slab":5,"minecraft:amethyst_block":19,"minecraft:cauldron":16,"minecraft:bamboo_planks":32,"minecraft:wheat":22,"minecraft:warped_fungus":2,"minecraft:grass":656,"minecraft:oak_log":148,"minecraft:sand":58,"minecraft:dirt":263,"minecraft:smooth_basalt":12,"minecraft:red_mushroom_block":45,"minecraft:netherrack":287,"minecraft:deepslate":475,"minecraft:oak_leaves":36,"minecraft:tuff":30,"minecraft:deepslate_diamond_ore":28,"minecraft:dark_oak_log":18,"minecraft:end_stone":18,"minecraft:nether_bricks":66,"minecraft:dark_oak_fence":4,"minecraft:jungle_planks":5,"minecraft:brown_mushroom_block":135,"minecraft:spruce_leaves":16,"minecraft:kelp":1,"minecraft:red_mushroom":2,"minecraft:large_fern":1,"minecraft:hay_block":117,"minecraft:oak_trapdoor":2,"minecraft:furnace":1,"minecraft:carrots":80,"minecraft:polished_basalt":1,"minecraft:andesite":23,"minecraft:stripped_spruce_log":2,"minecraft:gold_block":5,"minecraft:bell":3,"minecraft:nether_brick_fence":5,"minecraft:bookshelf":6,"minecraft:potatoes":2,"minecraft:cobblestone_slab":1,"minecraft:deepslate_iron_ore":39,"minecraft:vine":3,"minecraft:rail":5,"minecraft:bamboo_sapling":20,"minecraft:bamboo":1921,"minecraft:stone":343,"minecraft:bone_block":163,"minecraft:smithing_table":2,"minecraft:oak_slab":125,"minecraft:glass_pane":2,"minecraft:cherry_planks":22,"minecraft:soul_sand":204,"minecraft:basalt":10,"minecraft:dandelion":45,"minecraft:crafting_table":13,"minecraft:cornflower":7,"minecraft:emerald_ore":1,"minecraft:campfire":4,"minecraft:lectern":120,"minecraft:tall_grass":125,"minecraft:deepslate_gold_ore":66,"minecraft:polished_blackstone_brick_stairs":1,"minecraft:diorite":28,"minecraft:white_carpet":2,"minecraft:ice":3,"minecraft:spruce_log":789,"minecraft:white_wall_banner":7,"minecraft:yellow_bed":16,"minecraft:coal_ore":20,"minecraft:cherry_leaves":25,"minecraft:gravel":79,"minecraft:cobweb":4,"minecraft:cracked_stone_bricks":1,"minecraft:stone_bricks":8,"minecraft:mossy_stone_bricks":4,"minecraft:gold_ore":8,"minecraft:fern":6},"minecraft:broken":{"minecraft:stone_axe":2,"minecraft:iron_sword":2,"minecraft:stone_shovel":2,"minecraft:stone_sword":21,"minecraft:shield":1,"minecraft:iron_pickaxe":2},"minecraft:picked_up":{"minecraft:wheat":3,"minecraft:nether_brick_fence":5,"minecraft:anvil":1,"minecraft:suspicious_stew":7,"minecraft:smithing_table":2,"minecraft:potion":4,"minecraft:enchanted_book":1,"minecraft:brewing_stand":1,"minecraft:amethyst_block":15,"minecraft:string":25,"minecraft:soul_soil":73,"minecraft:pufferfish":1,"minecraft:diamond_leggings":1,"minecraft:gold_nugget":10,"minecraft:cobbled_deepslate":379,"minecraft:spruce_planks":1,"minecraft:cobblestone_slab":1,"minecraft:ender_eye":7,"minecraft:iron_boots":10,"minecraft:golden_helmet":1,"minecraft:stick":47,"minecraft:torch":39,"minecraft:porkchop":31,"minecraft:cherry_log":166,"minecraft:cauldron":16,"minecraft:bamboo_block":28,"minecraft:rotten_flesh":8,"minecraft:tropical_fish":1,"minecraft:blaze_rod":4,"minecraft:iron_bars":2,"minecraft:cobblestone":427,"minecraft:iron_door":5,"minecraft:cooked_beef":103,"minecraft:magma_cream":3,"minecraft:cherry_planks":21,"minecraft:andesite":19,"minecraft:jungle_log":38,"minecraft:potato":4,"minecraft:flint":9,"minecraft:tuff":24,"minecraft:light_gray_dye":1,"minecraft:lapis_lazuli":47,"minecraft:dirt":694,"minecraft:glass":1,"minecraft:bone":27,"minecraft:bow":1,"minecraft:wheat_seeds":140,"minecraft:raw_gold":74,"minecraft:bell":3,"minecraft:grindstone":1,"minecraft:mossy_stone_bricks":1,"minecraft:fletching_table":2,"minecraft:glowstone_dust":34,"minecraft:bamboo":20318,"minecraft:stone_hoe":3,"minecraft:chiseled_polished_blackstone":8,"minecraft:cooked_porkchop":12,"minecraft:sand":55,"minecraft:bamboo_raft":13,"minecraft:jungle_planks":17,"minecraft:stripped_spruce_log":2,"minecraft:grass_block":2,"minecraft:dark_oak_log":17,"minecraft:diamond":25,"minecraft:crossbow":20,"minecraft:granite":25,"minecraft:golden_apple":1,"minecraft:emerald":182,"minecraft:bread":18,"minecraft:oak_sapling":4,"minecraft:cherry_slab":5,"minecraft:netherrack":261,"minecraft:dark_oak_fence":4,"minecraft:cocoa_beans":18,"minecraft:crafting_table":11,"minecraft:azure_bluet":13,"minecraft:splash_potion":9,"minecraft:nether_wart":95,"minecraft:brown_mushroom":47,"minecraft:gold_block":6,"minecraft:shield":1,"minecraft:cornflower":8,"minecraft:iron_axe":1,"minecraft:white_carpet":2,"minecraft:blackstone":21,"minecraft:beef":20,"minecraft:jungle_sapling":1,"minecraft:poppy":10,"minecraft:spruce_slab":12,"minecraft:minecart":15,"minecraft:lectern":119,"minecraft:sugar_cane":3145,"minecraft:chest":6,"minecraft:phantom_membrane":3,"minecraft:diamond_hoe":5,"minecraft:egg":13,"minecraft:raw_iron":66,"minecraft:end_stone":18,"minecraft:stone":9,"minecraft:bowl":4,"minecraft:polished_blackstone_bricks":11,"minecraft:carrot":393,"minecraft:redstone":1,"minecraft:dark_oak_planks":12,"minecraft:arrow":15,"minecraft:stone_shovel":10,"minecraft:jungle_stairs":2,"minecraft:nether_bricks":61,"minecraft:hay_block":230,"minecraft:mutton":3,"minecraft:totem_of_undying":8,"minecraft:saddle":8,"minecraft:gold_ingot":9,"minecraft:bone_block":320,"minecraft:rail":5,"minecraft:white_wool":3,"minecraft:oxeye_daisy":117,"minecraft:golden_carrot":6,"minecraft:leather":63,"minecraft:red_mushroom":22,"minecraft:oak_log":148,"minecraft:golden_boots":1,"minecraft:yellow_bed":16,"minecraft:gunpowder":17,"minecraft:paper":36,"minecraft:white_banner":32,"minecraft:cooked_mutton":1,"minecraft:apple":8,"minecraft:kelp":9,"minecraft:iron_ingot":49,"minecraft:soul_sand":198,"minecraft:book":35,"minecraft:oak_slab":183,"minecraft:smooth_basalt":3,"minecraft:warped_fungus":2,"minecraft:bamboo_planks":29,"minecraft:quartz":124,"minecraft:dandelion":45,"minecraft:gravel":96,"minecraft:amethyst_shard":153,"minecraft:spruce_sapling":43,"minecraft:white_bed":8,"minecraft:spruce_log":787,"minecraft:spider_eye":7,"minecraft:cherry_sapling":24,"minecraft:coal":34,"minecraft:ender_pearl":1},"minecraft:used":{"minecraft:cherry_sapling":24,"minecraft:nether_brick_fence":1,"minecraft:spruce_slab":14,"minecraft:poppy":4,"minecraft:chest":18,"minecraft:shield":124,"minecraft:iron_sword":263,"minecraft:bell":3,"minecraft:iron_chestplate":1,"minecraft:soul_campfire":4,"minecraft:soul_sand":118,"minecraft:jungle_planks":4,"minecraft:nether_bricks":6,"minecraft:carrot":76,"minecraft:tuff":2,"minecraft:obsidian":10,"minecraft:glass":89,"minecraft:lava_bucket":11,"minecraft:grass_block":2,"minecraft:iron_helmet":1,"minecraft:bow":866,"minecraft:oak_sapling":1,"minecraft:furnace":2,"minecraft:egg":9,"minecraft:mossy_stone_bricks":1,"minecraft:bamboo_trapdoor":5,"minecraft:diamond_boots":2,"minecraft:warped_fungus_on_a_stick":15,"minecraft:stone_pickaxe":57,"minecraft:wooden_pickaxe":17,"minecraft:sugar_cane":85,"minecraft:diamond_axe":1473,"minecraft:golden_apple":13,"minecraft:white_wool":3,"minecraft:sand":1,"minecraft:mushroom_stew":1,"minecraft:crossbow":24,"minecraft:bread":94,"minecraft:lectern":124,"minecraft:gravel":25,"minecraft:diamond_sword":1046,"minecraft:grindstone":1,"minecraft:dark_oak_fence":5,"minecraft:smithing_table":3,"minecraft:andesite":3,"minecraft:air":1,"minecraft:bone_meal":372,"minecraft:experience_bottle":12,"minecraft:iron_bars":2,"minecraft:stone_sword":1399,"minecraft:flint_and_steel":7,"minecraft:tropical_fish":1,"minecraft:stone_shovel":395,"minecraft:spruce_planks":3,"minecraft:bamboo_door":3,"minecraft:stone_hoe":152,"minecraft:netherrack":215,"minecraft:torch":352,"minecraft:brewing_stand":3,"minecraft:dirt":582,"minecraft:anvil":2,"minecraft:white_carpet":2,"minecraft:diamond_helmet":4,"minecraft:granite":7,"minecraft:dark_oak_planks":65,"minecraft:bamboo_raft":14,"minecraft:bamboo_fence":3,"minecraft:bookshelf":5,"minecraft:iron_axe":4,"minecraft:cherry_slab":67,"minecraft:jungle_log":2,"minecraft:totem_of_undying":1,"minecraft:smooth_basalt":3,"minecraft:cherry_fence_gate":2,"minecraft:bamboo":1602,"minecraft:diamond_chestplate":4,"minecraft:glowstone":9,"minecraft:soul_soil":63,"minecraft:goat_horn":3,"minecraft:minecart":14,"minecraft:cherry_log":30,"minecraft:cooked_beef":12,"minecraft:bamboo_planks":28,"minecraft:cobbled_deepslate":212,"minecraft:iron_leggings":1,"minecraft:cooked_mutton":1,"minecraft:water_bucket":72,"minecraft:glass_bottle":49,"minecraft:brown_mushroom":4,"minecraft:cherry_planks":127,"minecraft:cauldron":12,"minecraft:fletching_table":4,"minecraft:cobblestone_slab":3,"minecraft:polished_blackstone_bricks":11,"minecraft:rail":26,"minecraft:crafting_table":20,"minecraft:oak_slab":457,"minecraft:red_mushroom":2,"minecraft:bamboo_block":56,"minecraft:white_bed":10,"minecraft:spruce_log":31,"minecraft:bamboo_fence_gate":3,"minecraft:ender_eye":24,"minecraft:diamond_pickaxe":1683,"minecraft:oxeye_daisy":2,"minecraft:diamond_shovel":820,"minecraft:iron_pickaxe":498,"minecraft:suspicious_stew":73,"minecraft:spruce_sapling":36,"minecraft:bamboo_slab":2,"minecraft:stone_axe":307,"minecraft:cobblestone":177,"minecraft:potion":2,"minecraft:white_banner":1,"minecraft:jungle_door":3,"minecraft:bucket":86,"minecraft:yellow_bed":15,"minecraft:kelp":1,"minecraft:dandelion":2,"minecraft:diamond_leggings":4,"minecraft:splash_potion":34},"minecraft:crafted":{"minecraft:smooth_stone":5,"minecraft:oak_planks":312,"minecraft:cobblestone_slab":6,"minecraft:cherry_slab":72,"minecraft:blaze_powder":20,"minecraft:stone":5,"minecraft:diamond_shovel":1,"minecraft:bookshelf":10,"minecraft:bamboo_door":3,"minecraft:suspicious_stew":75,"minecraft:bamboo_block":1781,"minecraft:glass":164,"minecraft:diamond_helmet":3,"minecraft:bow":4,"minecraft:diamond_leggings":3,"minecraft:iron_boots":10,"minecraft:bamboo_fence_gate":3,"minecraft:chest":14,"minecraft:rail":32,"minecraft:stone_hoe":1,"minecraft:ender_eye":11,"minecraft:name_tag":1,"minecraft:bamboo_raft":4,"minecraft:glass_bottle":66,"minecraft:oak_slab":384,"minecraft:emerald":1010,"minecraft:arrow":128,"minecraft:soul_campfire":4,"minecraft:diamond_axe":1,"minecraft:crafting_table":8,"minecraft:spruce_planks":2900,"minecraft:wooden_pickaxe":2,"minecraft:iron_helmet":1,"minecraft:smithing_table":1,"minecraft:fletching_table":2,"minecraft:brewing_stand":3,"minecraft:apple":52,"minecraft:bamboo_planks":4118,"minecraft:lectern":5,"minecraft:iron_chestplate":1,"minecraft:diamond_pickaxe":2,"minecraft:paper":2964,"minecraft:charcoal":51,"minecraft:shield":6,"minecraft:stick":14932,"minecraft:iron_ingot":66,"minecraft:iron_pickaxe":1,"minecraft:iron_block":3,"minecraft:stone_sword":18,"minecraft:gold_ingot":160,"minecraft:light_gray_dye":1,"minecraft:cherry_planks":184,"minecraft:cookie":144,"minecraft:stone_shovel":14,"minecraft:fishing_rod":2,"minecraft:diamond_hoe":5,"minecraft:experience_bottle":12,"minecraft:bamboo_fence":3,"minecraft:furnace":3,"minecraft:blast_furnace":1,"minecraft:mushroom_stew":1,"minecraft:bone_meal":450,"minecraft:flint_and_steel":2,"minecraft:dark_oak_fence":3,"minecraft:iron_axe":1,"minecraft:spruce_slab":18,"minecraft:ender_pearl":4,"minecraft:stone_pickaxe":1,"minecraft:diamond_boots":2,"minecraft:dark_oak_planks":68,"minecraft:glistering_melon_slice":18,"minecraft:minecart":1,"minecraft:cherry_fence_gate":2,"minecraft:wheat":459,"minecraft:cooked_beef":64,"minecraft:diamond_sword":2,"minecraft:iron_sword":1,"minecraft:bowl":16,"minecraft:stone_axe":4,"minecraft:glowstone":1,"minecraft:enchanted_book":21,"minecraft:air":0,"minecraft:bread":213,"minecraft:jungle_planks":52,"minecraft:bamboo_slab":6,"minecraft:jungle_door":3,"minecraft:golden_apple":22,"minecraft:warped_fungus_on_a_stick":2,"minecraft:anvil":1,"minecraft:torch":304,"minecraft:bamboo_trapdoor":6,"minecraft:diamond_chestplate":2},"minecraft:custom":{"minecraft:interact_with_crafting_table":131,"minecraft:bell_ring":97,"minecraft:leave_game":16,"minecraft:time_since_death":857384,"minecraft:sprint_one_cm":2941829,"minecraft:damage_blocked_by_shield":8100,"minecraft:drop":228,"minecraft:talked_to_villager":572,"minecraft:play_time":857384,"minecraft:jump":19931,"minecraft:interact_with_brewingstand":108,"minecraft:walk_on_water_one_cm":62652,"minecraft:enchant_item":9,"minecraft:interact_with_furnace":47,"minecraft:traded_with_villager":1188,"minecraft:sleep_in_bed":41,"minecraft:damage_dealt":58956,"minecraft:crouch_one_cm":127153,"minecraft:interact_with_smoker":3,"minecraft:use_cauldron":4,"minecraft:interact_with_smithing_table":3,"minecraft:interact_with_anvil":25,"minecraft:mob_kills":512,"minecraft:climb_one_cm":54910,"minecraft:walk_one_cm":1781481,"minecraft:raid_win":2,"minecraft:strider_one_cm":597949,"minecraft:sneak_time":53658,"minecraft:walk_under_water_one_cm":57962,"minecraft:boat_one_cm":240689,"minecraft:interact_with_blast_furnace":5,"minecraft:total_world_time":857384,"minecraft:raid_trigger":3,"minecraft:interact_with_grindstone":8,"minecraft:time_since_rest":12878,"minecraft:damage_absorbed":444,"minecraft:damage_taken":4785,"minecraft:minecart_one_cm":256,"minecraft:swim_one_cm":285594,"minecraft:fly_one_cm":4909038,"minecraft:open_chest":1054,"minecraft:fall_one_cm":307757},"minecraft:killed":{"minecraft:witch":6,"minecraft:spider":5,"minecraft:skeleton":28,"minecraft:bee":1,"minecraft:piglin_brute":5,"minecraft:magma_cube":27,"minecraft:piglin":16,"minecraft:pig":20,"minecraft:zombie_villager":1,"minecraft:iron_golem":5,"minecraft:strider":3,"minecraft:creeper":15,"minecraft:sheep":6,"minecraft:pillager":169,"minecraft:zombie":14,"minecraft:ghast":4,"minecraft:stray":4,"minecraft:blaze":8,"minecraft:cow":48,"minecraft:evoker":7,"minecraft:vex":18,"minecraft:vindicator":26,"minecraft:phantom":1,"minecraft:horse":20,"minecraft:ravager":5,"minecraft:hoglin":6,"minecraft:polar_bear":1,"minecraft:wither_skeleton":4,"minecraft:villager":2,"minecraft:enderman":2},"minecraft:dropped":{"minecraft:soul_sand":2,"minecraft:brown_mushroom":36,"minecraft:lapis_lazuli":1,"minecraft:cooked_beef":40,"minecraft:glass_bottle":1,"minecraft:crossbow":20,"minecraft:warped_fungus_on_a_stick":1,"minecraft:leather":2,"minecraft:saddle":1,"minecraft:red_mushroom":35,"minecraft:flint":6,"minecraft:gold_block":1,"minecraft:dirt":32,"minecraft:dark_oak_fence":2,"minecraft:mutton":3,"minecraft:jungle_sapling":1,"minecraft:gold_nugget":10,"minecraft:bone_block":160,"minecraft:sand":4,"minecraft:bone":10,"minecraft:gravel":48,"minecraft:chiseled_polished_blackstone":3,"minecraft:sugar_cane":2,"minecraft:cobbled_deepslate":4,"minecraft:rotten_flesh":8,"minecraft:nether_brick_fence":4,"minecraft:carrot":314,"minecraft:poppy":1,"minecraft:gunpowder":4,"minecraft:chest":1,"minecraft:glass":1,"minecraft:splash_potion":9,"minecraft:egg":4,"minecraft:enchanted_book":4,"minecraft:stone_hoe":3,"minecraft:bread":10,"minecraft:wheat_seeds":41,"minecraft:golden_helmet":1,"minecraft:diamond_leggings":2,"minecraft:cobblestone":5,"minecraft:granite":12,"minecraft:coal":12,"minecraft:golden_apple":10,"minecraft:stick":9,"minecraft:oxeye_daisy":26,"minecraft:iron_door":5,"minecraft:potion":1,"minecraft:diamond_helmet":1,"minecraft:fire_charge":2,"minecraft:iron_leggings":1,"minecraft:white_banner":20,"minecraft:paper":206,"minecraft:string":7,"minecraft:redstone":1,"minecraft:dandelion":11,"minecraft:kelp":1,"minecraft:nether_wart":46,"minecraft:bowl":5,"minecraft:tuff":22,"minecraft:diamond_hoe":5,"minecraft:stone_shovel":10,"minecraft:iron_boots":21,"minecraft:cherry_slab":1,"minecraft:nether_bricks":54,"minecraft:totem_of_undying":1,"minecraft:flint_and_steel":1,"minecraft:suspicious_stew":8,"minecraft:filled_map":1,"minecraft:cobblestone_slab":4,"minecraft:diamond_pickaxe":1,"minecraft:iron_chestplate":1,"minecraft:andesite":15,"minecraft:oak_sapling":1,"minecraft:spider_eye":2,"minecraft:light_gray_dye":1,"minecraft:bow":2,"minecraft:wooden_pickaxe":1}},"DataVersion":3465}